income_am,profit_last_am,profit_am,damage_am,damage_inc,crd_lim_rec,cab_requests,bar_no,neighbor_income,age,client_segment,sect_empl,fam_adult_size,children_no,tenure_mts,tenure_yrs,claims_no,claims_am,nights_booked,shop_am,score_pos,score_neg,male,female,cash/debitcard_use,creditcard_use,not_insured,insured,no_spa,spa,no_empl,empl,no_sport,sport,no_marketing_perm,marketing_perm,no_dining,dining,no_presidential,yes_presidential,no_prev_stay,perv_stay,no_prev_all_in_stay,yes_prev_all_in_stay,no_divorce,yes_divorce,no_married,yes_married,no_company_card,company_card,no_shop_use,yes_shop_use,not_retired,yes_retired,no_gold_status,yes_gold_status,outcome_profit,outcome_damage_inc,outcome_damage_amount
7143.0,2150.0,3905.0,0.0,0.0,4000.0,4.0,0.0,27339.0,63.0,2.0,0.0,1.0,0.0,384.0,32.0,0.0,0.0,71.0,8.0,0.0,0.0,0.0,1.0,0.0,1.0,0.0,1.0,0.0,1.0,0.0,1.0,1.0,0.0,1.0,0.0,0.0,1.0,0.0,1.0,1.0,0.0,0.0,1.0,0.0,1.0,0.0,1.0,0.0,1.0,1.0,0.0,0.0,1.0,0.0,1.0,3447.43,0.0,0.0
6956.0,1504.0,4660.0,0.0,0.0,9000.0,8.0,0.0,32957.0,68.0,2.0,0.0,1.0,0.0,671.0,56.0,2.0,0.0,41.0,0.0,0.0,0.0,1.0,0.0,1.0,0.0,1.0,0.0,1.0,0.0,0.0,1.0,0.0,1.0,1.0,0.0,1.0,0.0,0.0,1.0,1.0,0.0,1.0,0.0,0.0,1.0,1.0,0.0,0.0,1.0,0.0,1.0,1.0,0.0,0.0,1.0,3470.64,0.0,0.0
3349.0,377.0,3918.0,0.0,0.0,4500.0,7.0,0.0,32322.0,33.0,2.0,0.0,2.0,0.0,365.0,30.0,0.0,0.0,3.0,7.0,0.0,0.0,1.0,0.0,0.0,1.0,0.0,1.0,0.0,1.0,0.0,1.0,0.0,1.0,0.0,1.0,0.0,1.0,0.0,1.0,1.0,0.0,0.0,1.0,0.0,1.0,1.0,0.0,0.0,1.0,1.0,0.0,0.0,1.0,0.0,1.0,3461.25,0.0,0.0
2046.0,756.0,1674.0,0.0,0.0,0.0,6.0,0.0,32322.0,40.0,4.0,6.0,3.0,4.0,404.0,34.0,0.0,0.0,2.0,0.0,0.0,0.0,1.0,0.0,0.0,1.0,0.0,1.0,0.0,1.0,0.0,1.0,0.0,1.0,1.0,0.0,0.0,1.0,0.0,1.0,1.0,0.0,0.0,1.0,0.0,1.0,1.0,0.0,0.0,1.0,0.0,1.0,0.0,1.0,0.0,1.0,3479.77,0.0,0.0
1866.0,56.0,7135.0,0.0,0.0,2500.0,4.0,0.0,22823.0,52.0,2.0,0.0,2.0,0.0,411.0,34.0,0.0,0.0,50.0,0.0,0.0,0.0,0.0,1.0,0.0,1.0,1.0,0.0,1.0,0.0,0.0,1.0,1.0,0.0,1.0,0.0,1.0,0.0,0.0,1.0,1.0,0.0,0.0,1.0,0.0,1.0,1.0,0.0,0.0,1.0,0.0,1.0,0.0,1.0,0.0,1.0,3448.07,0.0,0.0
946.0,222.0,2036.0,0.0,0.0,0.0,5.0,0.0,36221.0,63.0,2.0,0.0,1.0,0.0,417.0,35.0,0.0,0.0,34.0,0.0,0.0,0.0,0.0,1.0,0.0,1.0,0.0,1.0,0.0,1.0,0.0,1.0,0.0,1.0,0.0,1.0,0.0,1.0,0.0,1.0,1.0,0.0,1.0,0.0,0.0,1.0,1.0,0.0,0.0,1.0,0.0,1.0,0.0,1.0,0.0,1.0,3476.02,0.0,0.0
687.0,193.0,1697.0,0.0,0.0,3000.0,10.0,0.0,29629.0,68.0,1.0,0.0,1.0,0.0,269.0,22.0,0.0,0.0,29.0,0.0,0.0,0.0,0.0,1.0,0.0,1.0,0.0,1.0,0.0,1.0,0.0,1.0,0.0,1.0,0.0,1.0,0.0,1.0,0.0,1.0,1.0,0.0,0.0,1.0,0.0,1.0,1.0,0.0,0.0,1.0,0.0,1.0,1.0,0.0,0.0,1.0,3432.66,0.0,0.0
464.0,928.0,1856.0,0.0,0.0,750.0,6.0,0.0,37393.0,21.0,1.0,0.0,2.0,0.0,19.0,2.0,0.0,0.0,4.0,0.0,0.0,0.0,0.0,1.0,0.0,1.0,1.0,0.0,0.0,1.0,0.0,1.0,0.0,1.0,0.0,1.0,0.0,1.0,0.0,1.0,0.0,1.0,0.0,1.0,0.0,1.0,1.0,0.0,0.0,1.0,0.0,1.0,0.0,1.0,0.0,1.0,3442.68,0.0,0.0
356.0,844.0,1688.0,0.0,0.0,0.0,7.0,0.0,29463.0,36.0,1.0,0.0,3.0,0.0,484.0,40.0,0.0,0.0,2.0,0.0,0.0,0.0,0.0,1.0,0.0,1.0,0.0,1.0,0.0,1.0,0.0,1.0,0.0,1.0,0.0,1.0,0.0,1.0,0.0,1.0,1.0,0.0,0.0,1.0,0.0,1.0,1.0,0.0,0.0,1.0,0.0,1.0,0.0,1.0,0.0,1.0,3466.75,0.0,0.0
284.0,816.5,1633.0,0.0,0.0,0.0,6.0,0.0,31926.0,71.0,1.0,0.0,1.0,0.0,270.0,23.0,0.0,0.0,4.0,0.0,0.0,0.0,0.0,1.0,0.0,1.0,0.0,1.0,1.0,0.0,0.0,1.0,0.0,1.0,1.0,0.0,0.0,1.0,0.0,1.0,1.0,0.0,0.0,1.0,0.0,1.0,1.0,0.0,0.0,1.0,0.0,1.0,1.0,0.0,0.0,1.0,3440.04,0.0,0.0
243.0,812.5,1625.0,0.0,0.0,0.0,1.0,0.0,30722.0,16.0,1.0,0.0,1.0,0.0,8.0,1.0,0.0,0.0,4.0,0.0,0.0,0.0,0.0,1.0,0.0,1.0,1.0,0.0,0.0,1.0,0.0,1.0,0.0,1.0,0.0,1.0,0.0,1.0,0.0,1.0,1.0,0.0,0.0,1.0,0.0,1.0,1.0,0.0,0.0,1.0,0.0,1.0,0.0,1.0,0.0,1.0,3470.63,0.0,0.0
240.0,0.0,1647.0,0.0,0.0,2500.0,10.0,0.0,28121.0,38.0,1.0,0.0,2.0,0.0,146.0,12.0,0.0,0.0,4.0,0.0,0.0,0.0,1.0,0.0,0.0,1.0,0.0,1.0,0.0,1.0,0.0,1.0,0.0,1.0,0.0,1.0,0.0,1.0,0.0,1.0,0.0,1.0,0.0,1.0,0.0,1.0,1.0,0.0,0.0,1.0,0.0,1.0,0.0,1.0,0.0,1.0,3050.68,0.0,0.0
227.0,0.0,1632.0,0.0,0.0,0.0,2.0,0.0,28636.0,53.0,0.0,0.0,1.0,0.0,278.0,23.0,0.0,0.0,4.0,0.0,0.0,0.0,1.0,0.0,0.0,1.0,0.0,1.0,1.0,0.0,0.0,1.0,1.0,0.0,0.0,1.0,0.0,1.0,0.0,1.0,1.0,0.0,0.0,1.0,1.0,0.0,0.0,1.0,0.0,1.0,0.0,1.0,1.0,0.0,0.0,1.0,3041.29,0.0,0.0
227.0,0.0,1620.0,0.0,0.0,0.0,9.0,0.0,23758.0,46.0,0.0,0.0,2.0,2.0,278.0,23.0,1.0,0.0,2.0,0.0,0.0,0.0,0.0,1.0,0.0,1.0,0.0,1.0,0.0,1.0,0.0,1.0,0.0,1.0,1.0,0.0,0.0,1.0,0.0,1.0,1.0,0.0,0.0,1.0,1.0,0.0,0.0,1.0,0.0,1.0,0.0,1.0,0.0,1.0,0.0,1.0,3097.3,0.0,0.0
227.0,0.0,1620.0,0.0,0.0,0.0,5.0,0.0,32399.0,36.0,2.0,0.0,3.0,0.0,242.0,20.0,0.0,0.0,26.0,0.0,0.0,0.0,0.0,1.0,0.0,1.0,0.0,1.0,0.0,1.0,0.0,1.0,0.0,1.0,1.0,0.0,0.0,1.0,0.0,1.0,1.0,0.0,0.0,1.0,0.0,1.0,1.0,0.0,0.0,1.0,0.0,1.0,0.0,1.0,0.0,1.0,3081.58,0.0,0.0
227.0,0.0,1620.0,0.0,0.0,0.0,5.0,0.0,29702.0,53.0,0.0,0.0,3.0,0.0,278.0,23.0,1.0,1682.0,3.0,0.0,0.0,0.0,0.0,1.0,0.0,1.0,0.0,1.0,0.0,1.0,0.0,1.0,0.0,1.0,0.0,1.0,0.0,1.0,0.0,1.0,1.0,0.0,0.0,1.0,0.0,1.0,1.0,0.0,0.0,1.0,0.0,1.0,0.0,1.0,0.0,1.0,3088.69,0.0,0.0
7264.0,2969.0,2969.0,0.0,0.0,4000.0,3.0,0.0,32856.0,75.0,2.0,0.0,1.0,0.0,587.0,49.0,0.0,0.0,18.0,0.0,0.186935539000919,0.0796371060750306,1.0,0.0,0.0,1.0,0.0,1.0,1.0,0.0,0.0,1.0,0.0,1.0,0.0,1.0,0.0,1.0,0.0,1.0,1.0,0.0,0.0,1.0,0.0,1.0,1.0,0.0,0.0,1.0,0.0,1.0,1.0,0.0,0.0,1.0,3423.83,0.0,0.0
248.0,3.0,1637.0,0.0,0.0,9000.0,3.0,0.0,28106.0,35.0,1.0,0.0,3.0,4.0,203.0,17.0,0.0,0.0,48.0,0.0,0.5850602291599178,0.1662085407437144,0.0,1.0,0.0,1.0,1.0,0.0,0.0,1.0,0.0,1.0,1.0,0.0,1.0,0.0,0.0,1.0,0.0,1.0,1.0,0.0,0.0,1.0,0.0,1.0,1.0,0.0,0.0,1.0,0.0,1.0,0.0,1.0,0.0,1.0,3036.2,0.0,0.0
505.0,92.0,1665.0,0.0,0.0,0.0,2.0,0.0,36511.0,53.0,1.0,0.0,3.0,0.0,611.0,51.0,0.0,0.0,1.0,0.0,0.5675330060469483,0.2455308625960604,0.0,1.0,0.0,1.0,0.0,1.0,0.0,1.0,0.0,1.0,0.0,1.0,0.0,1.0,0.0,1.0,0.0,1.0,1.0,0.0,0.0,1.0,0.0,1.0,1.0,0.0,0.0,1.0,0.0,1.0,0.0,1.0,0.0,1.0,3460.04,0.0,0.0
529.0,91.0,1669.0,0.0,0.0,7000.0,10.0,0.0,31542.0,33.0,1.0,0.0,2.0,0.0,290.0,24.0,0.0,0.0,45.0,0.0,0.3646921602762324,0.2862950263301068,0.0,1.0,0.0,1.0,1.0,0.0,0.0,1.0,0.0,1.0,0.0,1.0,1.0,0.0,0.0,1.0,0.0,1.0,1.0,0.0,0.0,1.0,0.0,1.0,1.0,0.0,0.0,1.0,0.0,1.0,0.0,1.0,0.0,1.0,3442.41,0.0,0.0
1110.0,367.0,1761.0,0.0,0.0,750.0,1.0,0.0,31459.0,17.0,1.0,0.0,1.0,0.0,174.0,15.0,0.0,0.0,4.0,0.0,0.5371468748558765,0.3619799099013163,1.0,0.0,0.0,1.0,1.0,0.0,1.0,0.0,0.0,1.0,0.0,1.0,1.0,0.0,0.0,1.0,0.0,1.0,1.0,0.0,0.0,1.0,0.0,1.0,1.0,0.0,0.0,1.0,0.0,1.0,0.0,1.0,0.0,1.0,3440.35,0.0,0.0
264.0,0.0,1633.0,0.0,0.0,0.0,0.0,0.0,32676.807933194155,68.0,1.0,0.0,1.0,0.0,251.0,21.0,0.0,0.0,2.0,0.0,0.5838802113622689,0.3946450231271563,0.0,1.0,0.0,1.0,0.0,1.0,0.0,1.0,0.0,1.0,0.0,1.0,0.0,1.0,0.0,1.0,0.0,1.0,1.0,0.0,0.0,1.0,1.0,0.0,0.0,1.0,0.0,1.0,0.0,1.0,1.0,0.0,0.0,1.0,3030.7,0.0,0.0
14556.0,3440.0,4013.0,0.0,0.0,0.0,8.0,0.0,47965.0,66.0,3.0,0.0,1.0,0.0,384.0,32.0,0.0,0.0,2.0,8.0,0.7002665243195564,0.3999479043255931,0.0,1.0,0.0,1.0,0.0,1.0,0.0,1.0,0.0,1.0,0.0,1.0,1.0,0.0,0.0,1.0,0.0,1.0,1.0,0.0,0.0,1.0,1.0,0.0,0.0,1.0,0.0,1.0,1.0,0.0,1.0,0.0,0.0,1.0,3427.51,0.0,0.0
701.0,158.0,1739.0,0.0,0.0,0.0,4.0,0.0,28762.0,68.0,3.0,0.0,1.0,0.0,350.0,29.0,0.0,0.0,53.0,0.0,0.5535074680578694,0.4156831912790888,1.0,0.0,0.0,1.0,0.0,1.0,1.0,0.0,0.0,1.0,0.0,1.0,1.0,0.0,0.0,1.0,0.0,1.0,1.0,0.0,0.0,1.0,0.0,1.0,1.0,0.0,0.0,1.0,0.0,1.0,1.0,0.0,0.0,1.0,3417.98,0.0,0.0
227.0,0.0,1620.0,0.0,0.0,12000.0,4.0,0.0,27364.0,46.0,1.0,0.0,2.0,0.0,78.0,7.0,0.0,0.0,35.0,0.0,0.0817297203852882,0.4256651164858091,0.0,1.0,0.0,1.0,0.0,1.0,0.0,1.0,0.0,1.0,0.0,1.0,0.0,1.0,0.0,1.0,0.0,1.0,1.0,0.0,0.0,1.0,0.0,1.0,1.0,0.0,0.0,1.0,0.0,1.0,0.0,1.0,0.0,1.0,3064.84,0.0,0.0
274.0,0.0,1660.0,0.0,0.0,0.0,1.0,0.0,29151.0,31.0,1.0,0.0,2.0,0.0,124.0,10.0,0.0,0.0,4.0,5.0,0.5340640986424618,0.4421008150293303,0.0,1.0,0.0,1.0,0.0,1.0,1.0,0.0,0.0,1.0,0.0,1.0,0.0,1.0,0.0,1.0,0.0,1.0,1.0,0.0,0.0,1.0,0.0,1.0,1.0,0.0,0.0,1.0,1.0,0.0,0.0,1.0,0.0,1.0,3062.36,0.0,0.0
8794.0,922.0,7984.0,0.0,0.0,0.0,6.0,0.0,31648.0,61.0,2.0,0.0,1.0,0.0,273.0,23.0,0.0,0.0,4.0,0.0,0.4577104329874371,0.4537320905345412,0.0,1.0,0.0,1.0,0.0,1.0,1.0,0.0,0.0,1.0,0.0,1.0,0.0,1.0,0.0,1.0,0.0,1.0,1.0,0.0,0.0,1.0,1.0,0.0,0.0,1.0,0.0,1.0,0.0,1.0,1.0,0.0,0.0,1.0,3425.82,0.0,0.0
245.0,810.5,1621.0,0.0,0.0,0.0,7.0,0.0,43647.0,54.0,1.0,0.0,1.0,0.0,4.0,0.0,0.0,0.0,4.0,0.0,0.42177023962595,0.549995161965203,0.0,1.0,0.0,1.0,0.0,1.0,0.0,1.0,0.0,1.0,0.0,1.0,0.0,1.0,0.0,1.0,0.0,1.0,1.0,0.0,0.0,1.0,0.0,1.0,1.0,0.0,0.0,1.0,0.0,1.0,0.0,1.0,0.0,1.0,3445.21,0.0,0.0
227.0,0.0,1620.0,0.0,0.0,0.0,1.0,0.0,34003.0,48.0,1.0,0.0,2.0,0.0,39.0,3.0,0.0,0.0,4.0,0.0,0.492365281067838,0.590196640842664,0.0,1.0,0.0,1.0,0.0,1.0,0.0,1.0,0.0,1.0,0.0,1.0,1.0,0.0,0.0,1.0,0.0,1.0,1.0,0.0,0.0,1.0,0.0,1.0,1.0,0.0,0.0,1.0,0.0,1.0,0.0,1.0,0.0,1.0,3057.11,0.0,0.0
570.0,142.0,1650.0,0.0,0.0,0.0,1.0,0.0,29150.0,16.0,1.0,0.0,1.0,0.0,163.0,14.0,0.0,0.0,3.0,0.0,0.6327638721083804,0.6239776593908807,1.0,0.0,0.0,1.0,0.0,1.0,1.0,0.0,0.0,1.0,0.0,1.0,0.0,1.0,0.0,1.0,0.0,1.0,1.0,0.0,0.0,1.0,0.0,1.0,1.0,0.0,0.0,1.0,0.0,1.0,0.0,1.0,0.0,1.0,3445.09,0.0,0.0
332.0,1.0,1634.0,0.0,0.0,750.0,4.0,0.0,35291.0,20.0,1.0,0.0,1.0,0.0,264.0,22.0,0.0,0.0,4.0,0.0,0.408081654030681,0.7330971357000235,1.0,0.0,0.0,1.0,1.0,0.0,0.0,1.0,0.0,1.0,0.0,1.0,0.0,1.0,0.0,1.0,0.0,1.0,1.0,0.0,0.0,1.0,0.0,1.0,1.0,0.0,0.0,1.0,0.0,1.0,0.0,1.0,0.0,1.0,3051.3,0.0,0.0
233.0,0.0,1949.0,0.0,0.0,2500.0,6.0,0.0,24964.0,68.0,1.0,0.0,1.0,0.0,173.0,14.0,0.0,0.0,3.0,0.0,0.2900439488134392,0.8115190171701063,1.0,0.0,0.0,1.0,0.0,1.0,0.0,1.0,0.0,1.0,0.0,1.0,0.0,1.0,0.0,1.0,0.0,1.0,1.0,0.0,0.0,1.0,1.0,0.0,0.0,1.0,0.0,1.0,0.0,1.0,1.0,0.0,0.0,1.0,3020.6,0.0,0.0
227.0,0.0,1788.0,0.0,0.0,0.0,10.0,0.0,29021.0,29.0,1.0,0.0,2.0,0.0,278.0,23.0,0.0,0.0,4.0,0.0,0.0,0.8296370349473684,1.0,0.0,0.0,1.0,0.0,1.0,0.0,1.0,0.0,1.0,0.0,1.0,0.0,1.0,0.0,1.0,0.0,1.0,1.0,0.0,0.0,1.0,0.0,1.0,1.0,0.0,0.0,1.0,0.0,1.0,0.0,1.0,0.0,1.0,3074.67,0.0,0.0
237.0,890.5,1781.0,0.0,0.0,4500.0,7.0,0.0,34043.0,25.0,4.0,6.0,3.0,0.0,326.0,27.0,0.0,0.0,32.0,0.0,0.792478560755229,0.9521568672820216,1.0,0.0,0.0,1.0,1.0,0.0,0.0,1.0,0.0,1.0,0.0,1.0,1.0,0.0,0.0,1.0,0.0,1.0,1.0,0.0,0.0,1.0,0.0,1.0,1.0,0.0,0.0,1.0,0.0,1.0,0.0,1.0,0.0,1.0,3439.2,0.0,0.0
227.0,0.0,1640.0,0.0,0.0,0.0,9.0,0.0,40525.0,24.0,1.0,0.0,2.0,0.0,37.0,3.0,0.0,0.0,1.0,0.0,0.8301686293151658,0.9721802917635384,0.0,1.0,0.0,1.0,1.0,0.0,0.0,1.0,0.0,1.0,0.0,1.0,1.0,0.0,0.0,1.0,0.0,1.0,1.0,0.0,0.0,1.0,0.0,1.0,1.0,0.0,0.0,1.0,0.0,1.0,0.0,1.0,0.0,1.0,3069.36,0.0,0.0
17146.0,9463.0,9463.0,0.0,0.0,6000.0,6.0,1.0,30100.0,66.0,3.0,0.0,1.0,0.0,599.0,50.0,0.0,0.0,44.0,0.0,0.0,0.0,1.0,0.0,0.0,1.0,0.0,1.0,0.0,1.0,0.0,1.0,1.0,0.0,0.0,1.0,0.0,1.0,0.0,1.0,1.0,0.0,0.0,1.0,0.0,1.0,1.0,0.0,0.0,1.0,0.0,1.0,1.0,0.0,0.0,1.0,3405.61,0.0,0.0
13708.0,1089.0,11326.0,0.0,0.0,0.0,8.0,1.0,28746.0,76.0,3.0,0.0,1.0,0.0,671.0,56.0,0.0,0.0,33.0,0.0,0.0,0.0,0.0,1.0,0.0,1.0,0.0,1.0,0.0,1.0,0.0,1.0,0.0,1.0,1.0,0.0,0.0,1.0,0.0,1.0,1.0,0.0,0.0,1.0,0.0,1.0,0.0,1.0,0.0,1.0,0.0,1.0,0.0,1.0,1.0,0.0,3531.81,0.0,0.0
5411.0,35.0,6982.0,0.0,0.0,11000.0,9.0,1.0,55480.0,69.0,3.0,0.0,1.0,0.0,384.0,32.0,0.0,0.0,83.0,0.0,0.0,0.0,0.0,1.0,0.0,1.0,0.0,1.0,1.0,0.0,0.0,1.0,1.0,0.0,1.0,0.0,0.0,1.0,0.0,1.0,1.0,0.0,1.0,0.0,0.0,1.0,1.0,0.0,0.0,1.0,0.0,1.0,1.0,0.0,0.0,1.0,3411.06,0.0,0.0
4688.0,0.0,5280.0,0.0,0.0,4500.0,6.0,1.0,40110.0,61.0,3.0,0.0,1.0,0.0,409.0,34.0,0.0,0.0,42.0,0.0,0.0,0.0,0.0,1.0,0.0,1.0,0.0,1.0,0.0,1.0,0.0,1.0,0.0,1.0,1.0,0.0,0.0,1.0,0.0,1.0,1.0,0.0,0.0,1.0,0.0,1.0,1.0,0.0,0.0,1.0,0.0,1.0,0.0,1.0,0.0,1.0,3062.3,0.0,0.0
1031.0,0.0,2339.0,0.0,0.0,750.0,3.0,1.0,30975.0,18.0,1.0,0.0,1.0,0.0,187.0,16.0,0.0,0.0,5.0,0.0,0.0,0.0,1.0,0.0,0.0,1.0,1.0,0.0,0.0,1.0,0.0,1.0,0.0,1.0,0.0,1.0,0.0,1.0,0.0,1.0,0.0,1.0,0.0,1.0,0.0,1.0,1.0,0.0,0.0,1.0,0.0,1.0,0.0,1.0,0.0,1.0,3040.52,0.0,0.0
647.0,84.0,1876.0,0.0,0.0,4000.0,5.0,1.0,25703.0,26.0,1.0,1.0,2.0,1.0,59.0,5.0,0.0,0.0,58.0,6.0,0.0,0.0,0.0,1.0,0.0,1.0,1.0,0.0,1.0,0.0,0.0,1.0,0.0,1.0,0.0,1.0,0.0,1.0,0.0,1.0,1.0,0.0,0.0,1.0,0.0,1.0,1.0,0.0,0.0,1.0,1.0,0.0,0.0,1.0,0.0,1.0,3459.46,0.0,0.0
458.0,93.0,1641.0,0.0,0.0,6000.0,11.0,1.0,28517.0,23.0,1.0,0.0,2.0,0.0,5.0,0.0,0.0,0.0,2.0,0.0,0.0,0.0,0.0,1.0,0.0,1.0,1.0,0.0,0.0,1.0,0.0,1.0,0.0,1.0,1.0,0.0,0.0,1.0,0.0,1.0,0.0,1.0,0.0,1.0,0.0,1.0,1.0,0.0,0.0,1.0,0.0,1.0,0.0,1.0,0.0,1.0,3434.91,0.0,0.0
419.0,845.0,1690.0,0.0,0.0,0.0,7.0,1.0,38005.0,48.0,1.0,0.0,3.0,0.0,330.0,28.0,0.0,0.0,3.0,0.0,0.0,0.0,1.0,0.0,0.0,1.0,0.0,1.0,1.0,0.0,0.0,1.0,0.0,1.0,1.0,0.0,0.0,1.0,0.0,1.0,1.0,0.0,0.0,1.0,0.0,1.0,1.0,0.0,0.0,1.0,0.0,1.0,0.0,1.0,0.0,1.0,3455.15,0.0,0.0
230.0,0.0,2124.0,0.0,0.0,0.0,11.0,1.0,32676.807933194155,44.0,1.0,0.0,2.0,0.0,190.0,16.0,0.0,0.0,1.0,0.0,0.0,0.0,1.0,0.0,0.0,1.0,0.0,1.0,0.0,1.0,0.0,1.0,0.0,1.0,0.0,1.0,0.0,1.0,0.0,1.0,0.0,1.0,1.0,0.0,0.0,1.0,1.0,0.0,0.0,1.0,0.0,1.0,0.0,1.0,0.0,1.0,3064.51,0.0,0.0
227.0,928.0,1856.0,0.0,0.0,0.0,1.0,1.0,35407.0,25.0,1.0,0.0,2.0,0.0,278.0,23.0,0.0,0.0,3.0,0.0,0.0,0.0,1.0,0.0,0.0,1.0,0.0,1.0,0.0,1.0,0.0,1.0,1.0,0.0,0.0,1.0,0.0,1.0,0.0,1.0,1.0,0.0,0.0,1.0,0.0,1.0,1.0,0.0,0.0,1.0,0.0,1.0,0.0,1.0,0.0,1.0,3435.01,0.0,0.0
227.0,810.0,1620.0,0.0,0.0,0.0,5.0,1.0,35153.0,20.0,1.0,0.0,1.0,0.0,173.0,14.0,0.0,0.0,4.0,0.0,0.0,0.0,0.0,1.0,0.0,1.0,0.0,1.0,1.0,0.0,0.0,1.0,0.0,1.0,0.0,1.0,0.0,1.0,0.0,1.0,0.0,1.0,0.0,1.0,0.0,1.0,1.0,0.0,0.0,1.0,0.0,1.0,0.0,1.0,0.0,1.0,3436.88,0.0,0.0
227.0,0.0,1621.0,0.0,0.0,0.0,7.0,1.0,24544.0,33.0,1.0,0.0,2.0,0.0,36.0,3.0,0.0,0.0,2.0,0.0,0.0,0.0,1.0,0.0,0.0,1.0,0.0,1.0,0.0,1.0,1.0,0.0,0.0,1.0,0.0,1.0,0.0,1.0,0.0,1.0,0.0,1.0,0.0,1.0,0.0,1.0,1.0,0.0,0.0,1.0,0.0,1.0,0.0,1.0,0.0,1.0,3050.23,0.0,0.0
227.0,0.0,1620.0,0.0,0.0,0.0,6.0,1.0,29063.0,31.0,1.0,0.0,2.0,0.0,133.0,11.0,0.0,0.0,4.0,0.0,0.0,0.0,0.0,1.0,0.0,1.0,0.0,1.0,0.0,1.0,0.0,1.0,0.0,1.0,0.0,1.0,0.0,1.0,0.0,1.0,0.0,1.0,0.0,1.0,0.0,1.0,1.0,0.0,0.0,1.0,0.0,1.0,0.0,1.0,0.0,1.0,3048.28,0.0,0.0
227.0,0.0,1620.0,0.0,0.0,0.0,2.0,1.0,28754.0,22.0,1.0,0.0,3.0,0.0,108.0,9.0,0.0,0.0,4.0,0.0,0.0,0.0,0.0,1.0,0.0,1.0,0.0,1.0,0.0,1.0,0.0,1.0,0.0,1.0,0.0,1.0,0.0,1.0,0.0,1.0,0.0,1.0,0.0,1.0,0.0,1.0,0.0,1.0,0.0,1.0,0.0,1.0,0.0,1.0,0.0,1.0,3053.57,0.0,0.0
6603.0,347.0,8406.0,0.0,0.0,5000.0,9.0,1.0,56185.0,68.0,2.0,0.0,1.0,0.0,515.0,43.0,1.0,0.0,45.0,0.0,0.0566849069848505,0.0728244609786843,1.0,0.0,0.0,1.0,0.0,1.0,0.0,1.0,0.0,1.0,0.0,1.0,1.0,0.0,1.0,0.0,0.0,1.0,1.0,0.0,1.0,0.0,0.0,1.0,1.0,0.0,0.0,1.0,0.0,1.0,1.0,0.0,0.0,1.0,3439.64,0.0,0.0
227.0,0.0,1623.0,0.0,0.0,0.0,4.0,1.0,33499.0,16.0,1.0,0.0,3.0,4.0,337.0,28.0,0.0,0.0,35.0,0.0,0.2925737170474199,0.185039899978724,0.0,1.0,0.0,1.0,0.0,1.0,0.0,1.0,0.0,1.0,0.0,1.0,0.0,1.0,0.0,1.0,0.0,1.0,1.0,0.0,0.0,1.0,0.0,1.0,1.0,0.0,0.0,1.0,0.0,1.0,0.0,1.0,0.0,1.0,3055.43,0.0,0.0
644.0,0.0,1970.0,0.0,0.0,0.0,1.0,1.0,32676.807933194155,42.0,1.0,0.0,2.0,0.0,297.0,25.0,0.0,0.0,4.0,7.0,0.4279172482682464,0.2648204277814334,0.0,1.0,0.0,1.0,0.0,1.0,0.0,1.0,0.0,1.0,0.0,1.0,0.0,1.0,0.0,1.0,0.0,1.0,1.0,0.0,0.0,1.0,0.0,1.0,1.0,0.0,0.0,1.0,1.0,0.0,0.0,1.0,0.0,1.0,3057.53,0.0,0.0
227.0,0.0,1620.0,0.0,0.0,0.0,2.0,1.0,37198.0,67.0,0.0,0.0,1.0,0.0,278.0,23.0,0.0,0.0,4.0,0.0,0.0,0.3672901940165035,0.0,1.0,0.0,1.0,0.0,1.0,1.0,0.0,0.0,1.0,0.0,1.0,0.0,1.0,0.0,1.0,0.0,1.0,1.0,0.0,0.0,1.0,0.0,1.0,0.0,1.0,0.0,1.0,0.0,1.0,0.0,1.0,0.0,1.0,3074.84,0.0,0.0
227.0,0.0,1620.0,0.0,0.0,3000.0,3.0,1.0,35277.0,56.0,1.0,0.0,1.0,0.0,410.0,34.0,0.0,0.0,34.0,0.0,0.7512958373322476,0.4026040153380213,0.0,1.0,0.0,1.0,1.0,0.0,0.0,1.0,0.0,1.0,0.0,1.0,0.0,1.0,0.0,1.0,0.0,1.0,1.0,0.0,0.0,1.0,0.0,1.0,1.0,0.0,0.0,1.0,0.0,1.0,0.0,1.0,0.0,1.0,3042.97,0.0,0.0
889.0,0.0,2137.0,0.0,0.0,2500.0,5.0,1.0,39704.0,50.0,1.0,1.0,3.0,1.0,331.0,28.0,0.0,0.0,28.0,7.0,0.8343467430910981,0.4222813003230786,1.0,0.0,0.0,1.0,0.0,1.0,0.0,1.0,0.0,1.0,0.0,1.0,0.0,1.0,0.0,1.0,0.0,1.0,1.0,0.0,0.0,1.0,0.0,1.0,1.0,0.0,0.0,1.0,1.0,0.0,0.0,1.0,0.0,1.0,3039.71,0.0,0.0
266.0,14.0,1769.0,0.0,0.0,11000.0,3.0,1.0,32734.0,45.0,1.0,0.0,2.0,1.0,339.0,28.0,0.0,0.0,37.0,0.0,0.643780148174572,0.4470839237443768,0.0,1.0,0.0,1.0,1.0,0.0,0.0,1.0,0.0,1.0,0.0,1.0,1.0,0.0,0.0,1.0,0.0,1.0,1.0,0.0,0.0,1.0,0.0,1.0,1.0,0.0,0.0,1.0,0.0,1.0,0.0,1.0,0.0,1.0,3432.36,0.0,0.0
556.0,110.0,1694.0,0.0,0.0,0.0,8.0,1.0,25482.0,16.0,1.0,1.0,3.0,1.0,264.0,22.0,0.0,0.0,4.0,0.0,0.0343371787065854,0.4479005340075694,1.0,0.0,0.0,1.0,0.0,1.0,0.0,1.0,0.0,1.0,0.0,1.0,0.0,1.0,0.0,1.0,0.0,1.0,1.0,0.0,0.0,1.0,0.0,1.0,1.0,0.0,0.0,1.0,0.0,1.0,0.0,1.0,0.0,1.0,3457.48,0.0,0.0
228.0,0.0,2394.0,0.0,0.0,0.0,4.0,1.0,35323.0,23.0,1.0,0.0,2.0,0.0,155.0,13.0,0.0,0.0,1.0,0.0,0.1038689425959856,0.4703783391356354,1.0,0.0,0.0,1.0,1.0,0.0,0.0,1.0,0.0,1.0,0.0,1.0,1.0,0.0,0.0,1.0,0.0,1.0,1.0,0.0,0.0,1.0,0.0,1.0,1.0,0.0,0.0,1.0,0.0,1.0,0.0,1.0,0.0,1.0,3070.26,0.0,0.0
3532.0,1065.0,2337.0,0.0,0.0,0.0,9.0,1.0,40046.0,58.0,2.0,0.0,1.0,0.0,290.0,24.0,0.0,0.0,4.0,0.0,0.5061513492529714,0.4858734418549869,0.0,1.0,0.0,1.0,0.0,1.0,0.0,1.0,0.0,1.0,0.0,1.0,0.0,1.0,0.0,1.0,0.0,1.0,1.0,0.0,0.0,1.0,0.0,1.0,1.0,0.0,0.0,1.0,0.0,1.0,1.0,0.0,0.0,1.0,3408.7,0.0,0.0
715.0,118.0,2090.0,0.0,0.0,3000.0,2.0,1.0,28003.0,46.0,1.0,0.0,2.0,0.0,324.0,27.0,0.0,0.0,25.0,6.0,0.4846412865939827,0.489313161785981,0.0,1.0,0.0,1.0,1.0,0.0,0.0,1.0,0.0,1.0,0.0,1.0,1.0,0.0,0.0,1.0,0.0,1.0,1.0,0.0,0.0,1.0,1.0,0.0,0.0,1.0,0.0,1.0,1.0,0.0,0.0,1.0,0.0,1.0,3433.05,0.0,0.0
2301.0,214.0,2516.0,0.0,0.0,11000.0,7.0,1.0,24007.0,38.0,1.0,1.0,2.0,0.0,374.0,31.0,0.0,0.0,17.0,7.0,0.7672478990243217,0.508136674903153,1.0,0.0,0.0,1.0,0.0,1.0,0.0,1.0,0.0,1.0,0.0,1.0,1.0,0.0,0.0,1.0,0.0,1.0,1.0,0.0,1.0,0.0,0.0,1.0,1.0,0.0,0.0,1.0,1.0,0.0,0.0,1.0,0.0,1.0,3427.44,0.0,0.0
1163.0,0.0,1975.0,0.0,0.0,0.0,3.0,1.0,29151.0,57.0,1.0,0.0,1.0,0.0,231.0,19.0,0.0,0.0,1.0,0.0,0.4445607916529214,0.5698256958317988,1.0,0.0,0.0,1.0,0.0,1.0,0.0,1.0,0.0,1.0,0.0,1.0,0.0,1.0,0.0,1.0,0.0,1.0,1.0,0.0,0.0,1.0,0.0,1.0,0.0,1.0,0.0,1.0,0.0,1.0,0.0,1.0,0.0,1.0,3060.08,0.0,0.0
227.0,0.0,1620.0,0.0,0.0,0.0,2.0,1.0,40206.0,33.0,1.0,0.0,3.0,2.0,288.0,24.0,0.0,0.0,4.0,0.0,0.5096232594360317,0.6320838974492526,0.0,1.0,0.0,1.0,0.0,1.0,0.0,1.0,0.0,1.0,0.0,1.0,0.0,1.0,0.0,1.0,0.0,1.0,1.0,0.0,0.0,1.0,0.0,1.0,1.0,0.0,0.0,1.0,0.0,1.0,0.0,1.0,0.0,1.0,3052.76,0.0,0.0
626.0,7.0,1980.0,0.0,0.0,0.0,1.0,1.0,42405.0,57.0,2.0,0.0,3.0,1.0,416.0,35.0,0.0,0.0,20.0,7.0,0.6281039489819498,0.6772829800106852,0.0,1.0,0.0,1.0,0.0,1.0,0.0,1.0,0.0,1.0,0.0,1.0,1.0,0.0,0.0,1.0,0.0,1.0,1.0,0.0,0.0,1.0,0.0,1.0,1.0,0.0,0.0,1.0,1.0,0.0,0.0,1.0,0.0,1.0,3103.6,0.0,0.0
453.0,0.0,1859.0,0.0,0.0,0.0,0.0,1.0,39695.0,48.0,1.0,0.0,3.0,0.0,396.0,33.0,2.0,0.0,4.0,0.0,0.6674018219964082,0.8526194444484789,1.0,0.0,1.0,0.0,0.0,1.0,1.0,0.0,0.0,1.0,0.0,1.0,0.0,1.0,0.0,1.0,0.0,1.0,1.0,0.0,0.0,1.0,0.0,1.0,1.0,0.0,0.0,1.0,0.0,1.0,0.0,1.0,0.0,1.0,3059.73,0.0,0.0
229.0,0.0,1663.0,0.0,0.0,3500.0,8.0,1.0,32509.0,47.0,1.0,0.0,2.0,0.0,371.0,31.0,0.0,0.0,4.0,0.0,0.9672656078826802,0.9859308822940964,0.0,1.0,0.0,1.0,0.0,1.0,0.0,1.0,0.0,1.0,0.0,1.0,0.0,1.0,0.0,1.0,0.0,1.0,1.0,0.0,1.0,0.0,0.0,1.0,1.0,0.0,0.0,1.0,0.0,1.0,0.0,1.0,0.0,1.0,3026.61,0.0,0.0
4528.0,796.0,6679.0,0.0,0.0,3500.0,6.0,2.0,33060.0,24.0,2.0,0.0,2.0,0.0,334.0,28.0,1.0,0.0,4.0,0.0,0.0,0.0,1.0,0.0,0.0,1.0,1.0,0.0,0.0,1.0,0.0,1.0,1.0,0.0,1.0,0.0,0.0,1.0,0.0,1.0,1.0,0.0,0.0,1.0,0.0,1.0,1.0,0.0,0.0,1.0,0.0,1.0,0.0,1.0,0.0,1.0,3451.2,0.0,0.0
3091.0,1133.0,2114.0,0.0,0.0,0.0,8.0,2.0,32856.0,57.0,1.0,0.0,1.0,0.0,324.0,27.0,0.0,0.0,25.0,0.0,0.0,0.0,0.0,1.0,0.0,1.0,0.0,1.0,0.0,1.0,0.0,1.0,0.0,1.0,1.0,0.0,0.0,1.0,0.0,1.0,1.0,0.0,0.0,1.0,1.0,0.0,0.0,1.0,0.0,1.0,0.0,1.0,0.0,1.0,0.0,1.0,3455.52,0.0,0.0
302.0,847.0,1694.0,0.0,0.0,3000.0,3.0,2.0,22797.0,51.0,1.0,0.0,2.0,0.0,55.0,5.0,0.0,0.0,13.0,0.0,0.0,0.0,0.0,1.0,0.0,1.0,0.0,1.0,1.0,0.0,0.0,1.0,0.0,1.0,1.0,0.0,0.0,1.0,0.0,1.0,0.0,1.0,0.0,1.0,0.0,1.0,1.0,0.0,0.0,1.0,0.0,1.0,0.0,1.0,0.0,1.0,3425.75,0.0,0.0
231.0,0.0,1622.0,0.0,0.0,0.0,5.0,2.0,28717.0,28.0,1.0,0.0,1.0,0.0,278.0,23.0,0.0,0.0,2.0,0.0,0.0,0.0,1.0,0.0,0.0,1.0,0.0,1.0,0.0,1.0,0.0,1.0,1.0,0.0,0.0,1.0,0.0,1.0,0.0,1.0,1.0,0.0,0.0,1.0,0.0,1.0,1.0,0.0,0.0,1.0,0.0,1.0,0.0,1.0,0.0,1.0,3048.13,0.0,0.0
227.0,810.0,1620.0,0.0,0.0,0.0,8.0,2.0,31015.0,29.0,1.0,0.0,1.0,0.0,147.0,12.0,0.0,0.0,1.0,0.0,0.0,0.0,1.0,0.0,0.0,1.0,0.0,1.0,0.0,1.0,0.0,1.0,0.0,1.0,0.0,1.0,0.0,1.0,0.0,1.0,1.0,0.0,0.0,1.0,0.0,1.0,1.0,0.0,0.0,1.0,0.0,1.0,0.0,1.0,0.0,1.0,3461.26,0.0,0.0
227.0,810.0,1620.0,0.0,0.0,0.0,4.0,2.0,25186.0,53.0,1.0,0.0,2.0,0.0,7.0,1.0,0.0,0.0,4.0,0.0,0.0,0.0,1.0,0.0,0.0,1.0,0.0,1.0,1.0,0.0,0.0,1.0,0.0,1.0,1.0,0.0,0.0,1.0,0.0,1.0,0.0,1.0,0.0,1.0,0.0,1.0,1.0,0.0,0.0,1.0,0.0,1.0,0.0,1.0,0.0,1.0,3431.17,0.0,0.0
227.0,0.0,5075.0,0.0,0.0,6000.0,6.0,2.0,21904.0,21.0,1.0,0.0,3.0,0.0,61.0,5.0,0.0,0.0,39.0,0.0,0.0,0.0,0.0,1.0,1.0,0.0,1.0,0.0,0.0,1.0,0.0,1.0,0.0,1.0,1.0,0.0,0.0,1.0,0.0,1.0,0.0,1.0,0.0,1.0,0.0,1.0,1.0,0.0,0.0,1.0,0.0,1.0,0.0,1.0,0.0,1.0,3042.43,0.0,0.0
1442.0,1259.0,2518.0,0.0,0.0,15000.0,8.0,2.0,30359.0,22.0,1.0,0.0,2.0,0.0,83.0,7.0,0.0,0.0,49.0,0.0,0.1893443777047042,0.0765125209898861,1.0,0.0,0.0,1.0,1.0,0.0,0.0,1.0,0.0,1.0,0.0,1.0,1.0,0.0,0.0,1.0,0.0,1.0,1.0,0.0,0.0,1.0,0.0,1.0,1.0,0.0,0.0,1.0,0.0,1.0,0.0,1.0,0.0,1.0,3435.24,0.0,0.0
227.0,0.0,1620.0,0.0,0.0,0.0,1.0,2.0,30698.0,31.0,1.0,0.0,2.0,0.0,26.0,2.0,0.0,0.0,4.0,0.0,0.8574584997693045,0.1457055694749539,0.0,1.0,0.0,1.0,1.0,0.0,1.0,0.0,0.0,1.0,0.0,1.0,1.0,0.0,0.0,1.0,0.0,1.0,1.0,0.0,0.0,1.0,0.0,1.0,1.0,0.0,0.0,1.0,0.0,1.0,0.0,1.0,0.0,1.0,3060.0,0.0,0.0
1824.0,0.0,2794.0,0.0,0.0,0.0,6.0,2.0,27357.0,52.0,1.0,0.0,2.0,0.0,383.0,32.0,0.0,0.0,4.0,8.0,0.1104844206396357,0.2030714606614359,1.0,0.0,0.0,1.0,0.0,1.0,0.0,1.0,0.0,1.0,1.0,0.0,0.0,1.0,0.0,1.0,0.0,1.0,1.0,0.0,0.0,1.0,0.0,1.0,1.0,0.0,0.0,1.0,1.0,0.0,0.0,1.0,0.0,1.0,3034.01,0.0,0.0
18234.0,949.0,30101.0,0.0,0.0,0.0,9.0,2.0,41095.0,76.0,3.0,0.0,1.0,0.0,26.0,2.0,0.0,0.0,1.0,0.0,0.1686854624639455,0.2218523304246923,0.0,1.0,0.0,1.0,0.0,1.0,0.0,1.0,0.0,1.0,0.0,1.0,1.0,0.0,0.0,1.0,0.0,1.0,1.0,0.0,0.0,1.0,0.0,1.0,0.0,1.0,0.0,1.0,0.0,1.0,1.0,0.0,0.0,1.0,3431.28,0.0,0.0
2468.0,23.0,4035.0,0.0,0.0,1500.0,7.0,2.0,27347.0,68.0,2.0,0.0,1.0,0.0,386.0,32.0,2.0,0.0,50.0,0.0,0.0698693590430134,0.2281248654687192,1.0,0.0,0.0,1.0,0.0,1.0,0.0,1.0,0.0,1.0,1.0,0.0,1.0,0.0,0.0,1.0,0.0,1.0,1.0,0.0,0.0,1.0,0.0,1.0,0.0,1.0,0.0,1.0,0.0,1.0,1.0,0.0,0.0,1.0,3422.28,0.0,0.0
1343.0,374.0,1816.0,0.0,0.0,0.0,8.0,2.0,47325.0,67.0,1.0,0.0,1.0,0.0,263.0,22.0,0.0,0.0,4.0,0.0,0.1608190765654087,0.2517728856457295,0.0,1.0,0.0,1.0,0.0,1.0,0.0,1.0,0.0,1.0,0.0,1.0,0.0,1.0,0.0,1.0,0.0,1.0,1.0,0.0,0.0,1.0,0.0,1.0,0.0,1.0,0.0,1.0,0.0,1.0,1.0,0.0,0.0,1.0,3414.65,0.0,0.0
1259.0,0.0,2457.0,0.0,0.0,8000.0,9.0,2.0,31520.0,41.0,2.0,0.0,3.0,1.0,399.0,33.0,0.0,0.0,4.0,8.0,0.5785613064317645,0.2593761669255283,0.0,1.0,0.0,1.0,0.0,1.0,0.0,1.0,0.0,1.0,0.0,1.0,1.0,0.0,0.0,1.0,0.0,1.0,1.0,0.0,0.0,1.0,0.0,1.0,1.0,0.0,0.0,1.0,1.0,0.0,0.0,1.0,0.0,1.0,3049.66,0.0,0.0
227.0,810.0,1620.0,0.0,0.0,0.0,0.0,2.0,30325.0,47.0,1.0,0.0,2.0,0.0,239.0,20.0,0.0,0.0,4.0,0.0,0.6940731568783127,0.2858497196201172,0.0,1.0,0.0,1.0,0.0,1.0,0.0,1.0,0.0,1.0,0.0,1.0,0.0,1.0,0.0,1.0,0.0,1.0,1.0,0.0,0.0,1.0,1.0,0.0,0.0,1.0,0.0,1.0,0.0,1.0,0.0,1.0,0.0,1.0,3428.5,0.0,0.0
227.0,811.0,1622.0,0.0,0.0,0.0,6.0,2.0,32351.0,48.0,1.0,0.0,2.0,0.0,482.0,40.0,0.0,0.0,2.0,0.0,0.6842736036364935,0.2914618128478801,0.0,1.0,0.0,1.0,0.0,1.0,1.0,0.0,0.0,1.0,0.0,1.0,0.0,1.0,0.0,1.0,0.0,1.0,1.0,0.0,0.0,1.0,0.0,1.0,1.0,0.0,0.0,1.0,0.0,1.0,0.0,1.0,0.0,1.0,3439.51,0.0,0.0
227.0,0.0,1620.0,0.0,0.0,4000.0,7.0,2.0,35419.0,67.0,1.0,0.0,1.0,0.0,671.0,56.0,0.0,0.0,39.0,0.0,0.2455056454820236,0.314408176052203,0.0,1.0,0.0,1.0,0.0,1.0,0.0,1.0,0.0,1.0,0.0,1.0,0.0,1.0,0.0,1.0,0.0,1.0,1.0,0.0,0.0,1.0,0.0,1.0,1.0,0.0,0.0,1.0,0.0,1.0,1.0,0.0,0.0,1.0,3012.5,0.0,0.0
810.0,191.0,1734.0,0.0,0.0,0.0,9.0,2.0,26338.0,21.0,1.0,0.0,1.0,0.0,242.0,20.0,0.0,0.0,10.0,0.0,0.255247011806906,0.3865623703486033,1.0,0.0,0.0,1.0,1.0,0.0,1.0,0.0,0.0,1.0,0.0,1.0,0.0,1.0,0.0,1.0,0.0,1.0,1.0,0.0,0.0,1.0,0.0,1.0,1.0,0.0,0.0,1.0,0.0,1.0,0.0,1.0,0.0,1.0,3437.07,0.0,0.0
10450.0,600.0,5322.0,0.0,0.0,15000.0,8.0,2.0,36177.0,38.0,3.0,0.0,3.0,0.0,479.0,40.0,0.0,0.0,55.0,0.0,0.6476423631920678,0.4106802101999294,1.0,0.0,0.0,1.0,1.0,0.0,1.0,0.0,0.0,1.0,1.0,0.0,1.0,0.0,0.0,1.0,0.0,1.0,1.0,0.0,0.0,1.0,0.0,1.0,1.0,0.0,0.0,1.0,0.0,1.0,0.0,1.0,0.0,1.0,3413.95,0.0,0.0
227.0,0.0,1620.0,0.0,0.0,0.0,1.0,2.0,41693.0,62.0,1.0,0.0,1.0,0.0,170.0,14.0,0.0,0.0,4.0,0.0,0.5687163216209936,0.4159036267458326,0.0,1.0,0.0,1.0,0.0,1.0,0.0,1.0,0.0,1.0,0.0,1.0,1.0,0.0,0.0,1.0,0.0,1.0,1.0,0.0,0.0,1.0,0.0,1.0,1.0,0.0,0.0,1.0,0.0,1.0,1.0,0.0,0.0,1.0,3016.65,0.0,0.0
2552.0,1746.0,3492.0,0.0,0.0,3000.0,1.0,2.0,39648.0,72.0,3.0,0.0,1.0,0.0,346.0,29.0,0.0,0.0,32.0,0.0,0.2914168450822109,0.4161125654893383,0.0,1.0,0.0,1.0,0.0,1.0,0.0,1.0,0.0,1.0,0.0,1.0,1.0,0.0,0.0,1.0,0.0,1.0,1.0,0.0,0.0,1.0,0.0,1.0,1.0,0.0,0.0,1.0,0.0,1.0,1.0,0.0,0.0,1.0,3398.28,0.0,0.0
1665.0,603.0,1942.0,0.0,0.0,0.0,8.0,2.0,31771.0,44.0,2.0,0.0,3.0,1.0,122.0,10.0,0.0,0.0,4.0,0.0,0.332876868001405,0.4401841697594864,1.0,0.0,0.0,1.0,1.0,0.0,1.0,0.0,0.0,1.0,0.0,1.0,1.0,0.0,0.0,1.0,0.0,1.0,1.0,0.0,0.0,1.0,0.0,1.0,1.0,0.0,0.0,1.0,0.0,1.0,0.0,1.0,0.0,1.0,3446.05,0.0,0.0
407.0,0.0,2043.0,0.0,0.0,0.0,10.0,2.0,28716.0,46.0,1.0,0.0,2.0,0.0,278.0,23.0,2.0,0.0,4.0,0.0,0.0,0.4448354536182485,0.0,1.0,0.0,1.0,0.0,1.0,0.0,1.0,0.0,1.0,1.0,0.0,0.0,1.0,0.0,1.0,0.0,1.0,1.0,0.0,0.0,1.0,1.0,0.0,0.0,1.0,0.0,1.0,0.0,1.0,0.0,1.0,0.0,1.0,3056.34,0.0,0.0
234.0,0.0,1635.0,0.0,0.0,0.0,5.0,2.0,26606.0,50.0,1.0,1.0,3.0,0.0,671.0,56.0,0.0,0.0,4.0,0.0,0.7422185476140095,0.4525651696789789,1.0,0.0,0.0,1.0,0.0,1.0,1.0,0.0,0.0,1.0,0.0,1.0,1.0,0.0,0.0,1.0,0.0,1.0,1.0,0.0,0.0,1.0,0.0,1.0,1.0,0.0,0.0,1.0,0.0,1.0,0.0,1.0,0.0,1.0,3042.51,0.0,0.0
861.0,0.0,2426.0,0.0,0.0,0.0,9.0,2.0,35590.0,53.0,1.0,0.0,2.0,0.0,103.0,9.0,0.0,0.0,3.0,0.0,0.1349908226049467,0.4591282990076008,0.0,1.0,0.0,1.0,0.0,1.0,1.0,0.0,0.0,1.0,0.0,1.0,1.0,0.0,0.0,1.0,0.0,1.0,1.0,0.0,0.0,1.0,0.0,1.0,1.0,0.0,0.0,1.0,0.0,1.0,0.0,1.0,1.0,0.0,3124.44,0.0,0.0
3587.0,2449.5,4899.0,0.0,0.0,13000.0,9.0,2.0,30170.0,57.0,2.0,0.0,3.0,0.0,487.0,41.0,1.0,9560.0,162.0,0.0,0.6867372645820035,0.4631843395217858,1.0,0.0,0.0,1.0,1.0,0.0,1.0,0.0,0.0,1.0,1.0,0.0,1.0,0.0,1.0,0.0,0.0,1.0,1.0,0.0,1.0,0.0,0.0,1.0,1.0,0.0,0.0,1.0,0.0,1.0,0.0,1.0,0.0,1.0,3434.91,0.0,0.0
1079.0,206.0,2220.0,0.0,0.0,750.0,9.0,2.0,32676.807933194155,20.0,1.0,0.0,2.0,0.0,263.0,22.0,0.0,0.0,1.0,0.0,0.8215627065445213,0.5288636251098879,1.0,0.0,0.0,1.0,1.0,0.0,0.0,1.0,0.0,1.0,0.0,1.0,1.0,0.0,0.0,1.0,0.0,1.0,1.0,0.0,0.0,1.0,0.0,1.0,1.0,0.0,0.0,1.0,0.0,1.0,0.0,1.0,0.0,1.0,3440.18,0.0,0.0
9114.0,0.0,11374.0,0.0,0.0,0.0,7.0,2.0,32047.0,53.0,2.0,0.0,2.0,0.0,220.0,18.0,0.0,0.0,5.0,0.0,0.7553085608721786,0.6501007266115817,0.0,1.0,0.0,1.0,0.0,1.0,1.0,0.0,0.0,1.0,0.0,1.0,1.0,0.0,0.0,1.0,0.0,1.0,1.0,0.0,1.0,0.0,0.0,1.0,1.0,0.0,0.0,1.0,0.0,1.0,0.0,1.0,1.0,0.0,3126.43,0.0,0.0
1069.0,278.0,1744.0,0.0,0.0,1500.0,2.0,2.0,38214.0,23.0,1.0,0.0,2.0,0.0,174.0,15.0,0.0,0.0,30.0,0.0,0.8700390323700485,0.802477118388439,1.0,0.0,0.0,1.0,1.0,0.0,0.0,1.0,0.0,1.0,0.0,1.0,1.0,0.0,0.0,1.0,0.0,1.0,1.0,0.0,0.0,1.0,0.0,1.0,1.0,0.0,0.0,1.0,0.0,1.0,0.0,1.0,0.0,1.0,3422.55,0.0,0.0
227.0,0.0,1620.0,0.0,0.0,0.0,1.0,2.0,30427.0,53.0,2.0,0.0,2.0,0.0,455.0,38.0,0.0,0.0,3.0,0.0,0.6912792056528895,0.8528936435141364,1.0,0.0,0.0,1.0,0.0,1.0,0.0,1.0,0.0,1.0,0.0,1.0,0.0,1.0,0.0,1.0,0.0,1.0,1.0,0.0,0.0,1.0,0.0,1.0,1.0,0.0,0.0,1.0,0.0,1.0,0.0,1.0,0.0,1.0,3044.18,0.0,0.0
1675.0,571.0,1880.0,0.0,0.0,2500.0,5.0,2.0,25173.0,69.0,1.0,0.0,1.0,0.0,372.0,31.0,0.0,0.0,33.0,0.0,0.6198541330737388,0.9164007365723096,0.0,1.0,0.0,1.0,0.0,1.0,0.0,1.0,0.0,1.0,0.0,1.0,0.0,1.0,0.0,1.0,0.0,1.0,1.0,0.0,0.0,1.0,0.0,1.0,0.0,1.0,0.0,1.0,0.0,1.0,0.0,1.0,0.0,1.0,3426.24,0.0,0.0
4331.0,0.0,2364.0,0.0,0.0,5000.0,3.0,3.0,46924.0,66.0,1.0,0.0,1.0,0.0,122.0,10.0,0.0,0.0,3.0,0.0,0.0,0.0,0.0,1.0,0.0,1.0,0.0,1.0,0.0,1.0,0.0,1.0,0.0,1.0,1.0,0.0,0.0,1.0,0.0,1.0,0.0,1.0,0.0,1.0,1.0,0.0,0.0,1.0,0.0,1.0,0.0,1.0,1.0,0.0,0.0,1.0,3013.69,0.0,0.0
248.0,9.0,1624.0,0.0,0.0,0.0,6.0,3.0,43621.0,25.0,1.0,0.0,1.0,0.0,304.0,25.0,0.0,0.0,4.0,0.0,0.0,0.0,1.0,0.0,0.0,1.0,0.0,1.0,0.0,1.0,0.0,1.0,0.0,1.0,0.0,1.0,0.0,1.0,0.0,1.0,0.0,1.0,0.0,1.0,0.0,1.0,1.0,0.0,0.0,1.0,0.0,1.0,0.0,1.0,0.0,1.0,3346.39,0.0,0.0
227.0,810.0,1620.0,0.0,0.0,0.0,7.0,3.0,21938.0,55.0,0.0,0.0,2.0,0.0,278.0,23.0,1.0,0.0,4.0,0.0,0.0,0.0,1.0,0.0,0.0,1.0,0.0,1.0,1.0,0.0,0.0,1.0,0.0,1.0,0.0,1.0,0.0,1.0,0.0,1.0,1.0,0.0,0.0,1.0,0.0,1.0,1.0,0.0,0.0,1.0,0.0,1.0,0.0,1.0,0.0,1.0,3470.28,0.0,0.0
227.0,0.0,1620.0,0.0,0.0,0.0,10.0,3.0,32089.0,20.0,0.0,0.0,2.0,0.0,278.0,23.0,0.0,0.0,4.0,0.0,0.0,0.0,0.0,1.0,0.0,1.0,0.0,1.0,1.0,0.0,0.0,1.0,1.0,0.0,1.0,0.0,0.0,1.0,0.0,1.0,1.0,0.0,0.0,1.0,0.0,1.0,1.0,0.0,0.0,1.0,0.0,1.0,0.0,1.0,0.0,1.0,3047.52,0.0,0.0
227.0,0.0,1620.0,0.0,0.0,0.0,6.0,3.0,20222.0,27.0,1.0,0.0,3.0,0.0,77.0,6.0,0.0,0.0,40.0,0.0,0.0,0.0,1.0,0.0,0.0,1.0,0.0,1.0,0.0,1.0,0.0,1.0,0.0,1.0,0.0,1.0,0.0,1.0,0.0,1.0,0.0,1.0,0.0,1.0,0.0,1.0,1.0,0.0,0.0,1.0,0.0,1.0,0.0,1.0,0.0,1.0,3046.38,0.0,0.0
270.0,0.0,1636.0,0.0,0.0,0.0,2.0,3.0,28936.0,35.0,1.0,1.0,3.0,0.0,477.0,40.0,2.0,0.0,1.0,0.0,0.6102187588192087,0.0210921239296316,1.0,0.0,0.0,1.0,0.0,1.0,0.0,1.0,0.0,1.0,0.0,1.0,1.0,0.0,1.0,0.0,0.0,1.0,1.0,0.0,0.0,1.0,0.0,1.0,1.0,0.0,0.0,1.0,0.0,1.0,0.0,1.0,0.0,1.0,3070.87,0.0,0.0
227.0,0.0,1623.0,0.0,0.0,0.0,10.0,3.0,32676.807933194155,31.0,1.0,0.0,2.0,0.0,221.0,18.0,0.0,0.0,3.0,0.0,0.6902822856960724,0.0986396500301031,1.0,0.0,0.0,1.0,0.0,1.0,0.0,1.0,0.0,1.0,0.0,1.0,0.0,1.0,0.0,1.0,0.0,1.0,1.0,0.0,0.0,1.0,0.0,1.0,1.0,0.0,0.0,1.0,0.0,1.0,0.0,1.0,0.0,1.0,3046.0,0.0,0.0
486.0,856.0,1712.0,0.0,0.0,0.0,3.0,3.0,38728.0,42.0,1.0,1.0,3.0,2.0,366.0,31.0,0.0,0.0,4.0,0.0,0.1226976996913018,0.2042375688718239,1.0,0.0,0.0,1.0,0.0,1.0,0.0,1.0,0.0,1.0,1.0,0.0,0.0,1.0,0.0,1.0,0.0,1.0,1.0,0.0,0.0,1.0,0.0,1.0,1.0,0.0,0.0,1.0,0.0,1.0,0.0,1.0,0.0,1.0,3427.74,0.0,0.0
1116.0,1297.0,2594.0,0.0,0.0,0.0,5.0,3.0,34218.0,56.0,2.0,0.0,2.0,0.0,611.0,51.0,0.0,0.0,2.0,0.0,0.931787980495798,0.2490367739077031,0.0,1.0,0.0,1.0,0.0,1.0,1.0,0.0,0.0,1.0,1.0,0.0,0.0,1.0,0.0,1.0,0.0,1.0,1.0,0.0,0.0,1.0,0.0,1.0,1.0,0.0,0.0,1.0,0.0,1.0,0.0,1.0,0.0,1.0,3413.74,0.0,0.0
450.0,41.0,1667.0,0.0,0.0,0.0,6.0,3.0,30170.0,66.0,1.0,0.0,1.0,0.0,397.0,33.0,0.0,0.0,3.0,0.0,0.713899534565805,0.2855163274308682,0.0,1.0,0.0,1.0,0.0,1.0,1.0,0.0,0.0,1.0,0.0,1.0,0.0,1.0,0.0,1.0,0.0,1.0,1.0,0.0,0.0,1.0,0.0,1.0,1.0,0.0,0.0,1.0,0.0,1.0,1.0,0.0,0.0,1.0,3407.8,0.0,0.0
484.0,12.0,1677.0,0.0,0.0,0.0,8.0,3.0,48230.0,20.0,1.0,0.0,1.0,0.0,163.0,14.0,0.0,0.0,4.0,0.0,0.5246328549017659,0.3378659059231926,1.0,0.0,0.0,1.0,0.0,1.0,0.0,1.0,0.0,1.0,0.0,1.0,0.0,1.0,0.0,1.0,0.0,1.0,1.0,0.0,0.0,1.0,0.0,1.0,1.0,0.0,0.0,1.0,0.0,1.0,0.0,1.0,0.0,1.0,3429.92,0.0,0.0
10406.0,645.0,21633.0,0.0,0.0,2500.0,7.0,3.0,33795.0,72.0,2.0,0.0,1.0,0.0,343.0,29.0,0.0,0.0,27.0,0.0,0.3748917510829983,0.3382677285981514,0.0,1.0,0.0,1.0,0.0,1.0,0.0,1.0,0.0,1.0,1.0,0.0,1.0,0.0,0.0,1.0,0.0,1.0,1.0,0.0,0.0,1.0,0.0,1.0,1.0,0.0,0.0,1.0,0.0,1.0,1.0,0.0,0.0,1.0,3387.35,0.0,0.0
227.0,0.0,1620.0,0.0,0.0,0.0,4.0,3.0,29642.0,38.0,1.0,0.0,2.0,0.0,212.0,18.0,0.0,0.0,25.0,0.0,0.118746408607319,0.398848507400336,0.0,1.0,0.0,1.0,0.0,1.0,0.0,1.0,0.0,1.0,0.0,1.0,0.0,1.0,0.0,1.0,0.0,1.0,1.0,0.0,0.0,1.0,0.0,1.0,1.0,0.0,0.0,1.0,0.0,1.0,0.0,1.0,0.0,1.0,3050.86,0.0,0.0
4090.0,1579.0,2292.0,0.0,0.0,0.0,9.0,3.0,36028.0,63.0,2.0,0.0,1.0,0.0,248.0,21.0,0.0,0.0,3.0,0.0,0.2298892101265734,0.4611437420666449,0.0,1.0,0.0,1.0,0.0,1.0,0.0,1.0,0.0,1.0,0.0,1.0,0.0,1.0,0.0,1.0,0.0,1.0,1.0,0.0,0.0,1.0,0.0,1.0,1.0,0.0,0.0,1.0,0.0,1.0,1.0,0.0,0.0,1.0,3405.5,0.0,0.0
458.0,847.5,1695.0,0.0,0.0,0.0,5.0,3.0,25689.0,79.0,1.0,0.0,1.0,0.0,276.0,23.0,0.0,0.0,13.0,0.0,0.902618898481896,0.4848961041559181,0.0,1.0,0.0,1.0,0.0,1.0,0.0,1.0,0.0,1.0,0.0,1.0,0.0,1.0,0.0,1.0,0.0,1.0,1.0,0.0,0.0,1.0,0.0,1.0,0.0,1.0,0.0,1.0,0.0,1.0,1.0,0.0,0.0,1.0,3402.59,0.0,0.0
504.0,848.0,1696.0,0.0,0.0,750.0,4.0,3.0,29576.0,18.0,1.0,0.0,1.0,0.0,113.0,9.0,0.0,0.0,4.0,0.0,0.2799228422561241,0.4901590238568201,0.0,1.0,0.0,1.0,1.0,0.0,0.0,1.0,0.0,1.0,0.0,1.0,1.0,0.0,0.0,1.0,0.0,1.0,1.0,0.0,0.0,1.0,0.0,1.0,1.0,0.0,0.0,1.0,0.0,1.0,0.0,1.0,0.0,1.0,3425.15,0.0,0.0
2293.0,813.0,2374.0,0.0,0.0,12000.0,6.0,3.0,22206.0,60.0,1.0,0.0,2.0,0.0,255.0,21.0,0.0,0.0,55.0,0.0,0.6153337334185145,0.5609263150618541,1.0,0.0,0.0,1.0,0.0,1.0,0.0,1.0,0.0,1.0,0.0,1.0,0.0,1.0,0.0,1.0,0.0,1.0,1.0,0.0,1.0,0.0,0.0,1.0,1.0,0.0,0.0,1.0,0.0,1.0,1.0,0.0,0.0,1.0,3400.7,0.0,0.0
227.0,0.0,1620.0,0.0,0.0,0.0,6.0,3.0,27256.0,61.0,1.0,0.0,1.0,0.0,87.0,7.0,0.0,0.0,4.0,0.0,0.5754871329003306,0.5623715166650639,0.0,1.0,0.0,1.0,0.0,1.0,1.0,0.0,0.0,1.0,0.0,1.0,0.0,1.0,0.0,1.0,0.0,1.0,1.0,0.0,0.0,1.0,0.0,1.0,1.0,0.0,0.0,1.0,0.0,1.0,0.0,1.0,0.0,1.0,3046.55,0.0,0.0
227.0,0.0,1620.0,0.0,0.0,0.0,8.0,3.0,26029.0,67.0,0.0,0.0,1.0,0.0,278.0,23.0,0.0,0.0,4.0,0.0,0.0,0.5751173789082762,0.0,1.0,0.0,1.0,0.0,1.0,1.0,0.0,0.0,1.0,0.0,1.0,0.0,1.0,0.0,1.0,0.0,1.0,1.0,0.0,0.0,1.0,0.0,1.0,0.0,1.0,0.0,1.0,0.0,1.0,0.0,1.0,0.0,1.0,3073.25,0.0,0.0
319.0,38.0,1637.0,0.0,0.0,0.0,5.0,3.0,32305.0,31.0,1.0,0.0,2.0,0.0,123.0,10.0,0.0,0.0,4.0,0.0,0.7898405181990521,0.5977523394225615,0.0,1.0,0.0,1.0,0.0,1.0,1.0,0.0,0.0,1.0,0.0,1.0,0.0,1.0,0.0,1.0,0.0,1.0,1.0,0.0,0.0,1.0,0.0,1.0,1.0,0.0,0.0,1.0,0.0,1.0,0.0,1.0,0.0,1.0,3431.24,0.0,0.0
1002.0,0.0,2674.0,0.0,0.0,0.0,6.0,3.0,28615.0,74.0,2.0,0.0,1.0,0.0,443.0,37.0,0.0,0.0,2.0,0.0,0.7392907760656031,0.6098178906973224,0.0,1.0,0.0,1.0,0.0,1.0,0.0,1.0,0.0,1.0,0.0,1.0,1.0,0.0,0.0,1.0,0.0,1.0,1.0,0.0,0.0,1.0,0.0,1.0,1.0,0.0,0.0,1.0,0.0,1.0,1.0,0.0,1.0,0.0,3097.07,0.0,0.0
227.0,810.0,1620.0,0.0,0.0,0.0,3.0,3.0,31560.0,31.0,0.0,0.0,3.0,0.0,278.0,23.0,3.0,0.0,4.0,0.0,0.0,0.6569150468338164,1.0,0.0,0.0,1.0,0.0,1.0,0.0,1.0,0.0,1.0,0.0,1.0,1.0,0.0,1.0,0.0,0.0,1.0,1.0,0.0,0.0,1.0,0.0,1.0,1.0,0.0,0.0,1.0,0.0,1.0,0.0,1.0,0.0,1.0,3458.28,0.0,0.0
853.0,971.5,1943.0,0.0,0.0,0.0,2.0,3.0,31676.0,23.0,1.0,0.0,2.0,1.0,130.0,11.0,0.0,0.0,17.0,6.0,0.5051644317838149,0.6577345362882667,1.0,0.0,0.0,1.0,1.0,0.0,1.0,0.0,0.0,1.0,1.0,0.0,1.0,0.0,0.0,1.0,0.0,1.0,1.0,0.0,0.0,1.0,0.0,1.0,1.0,0.0,0.0,1.0,1.0,0.0,0.0,1.0,0.0,1.0,3423.32,0.0,0.0
323.0,38.0,1639.0,0.0,0.0,0.0,8.0,3.0,24433.0,60.0,2.0,0.0,1.0,0.0,382.0,32.0,0.0,0.0,37.0,0.0,0.6464511941789487,0.6981720019283731,1.0,0.0,0.0,1.0,0.0,1.0,1.0,0.0,0.0,1.0,0.0,1.0,1.0,0.0,0.0,1.0,0.0,1.0,1.0,0.0,0.0,1.0,0.0,1.0,1.0,0.0,0.0,1.0,0.0,1.0,1.0,0.0,0.0,1.0,3405.01,0.0,0.0
8622.0,3518.0,3014.0,0.0,0.0,0.0,6.0,3.0,27090.0,79.0,2.0,0.0,1.0,0.0,324.0,27.0,0.0,0.0,33.0,0.0,0.2928878969256611,0.7889283756723119,0.0,1.0,0.0,1.0,0.0,1.0,0.0,1.0,0.0,1.0,0.0,1.0,0.0,1.0,0.0,1.0,0.0,1.0,1.0,0.0,0.0,1.0,0.0,1.0,0.0,1.0,0.0,1.0,0.0,1.0,1.0,0.0,0.0,1.0,3409.46,0.0,0.0
227.0,0.0,1620.0,0.0,0.0,0.0,6.0,3.0,35368.0,41.0,0.0,0.0,2.0,0.0,278.0,23.0,0.0,0.0,3.0,0.0,0.0,0.8114619631882,1.0,0.0,0.0,1.0,0.0,1.0,1.0,0.0,0.0,1.0,0.0,1.0,0.0,1.0,0.0,1.0,0.0,1.0,1.0,0.0,0.0,1.0,0.0,1.0,1.0,0.0,0.0,1.0,0.0,1.0,0.0,1.0,0.0,1.0,3067.95,0.0,0.0
227.0,0.0,1620.0,0.0,0.0,0.0,5.0,3.0,32299.0,18.0,1.0,0.0,1.0,0.0,212.0,18.0,0.0,0.0,3.0,0.0,0.7993804024441663,0.8190191992903282,1.0,0.0,0.0,1.0,0.0,1.0,1.0,0.0,0.0,1.0,0.0,1.0,0.0,1.0,0.0,1.0,0.0,1.0,1.0,0.0,0.0,1.0,0.0,1.0,1.0,0.0,0.0,1.0,0.0,1.0,0.0,1.0,0.0,1.0,3041.22,0.0,0.0
534.0,86.0,1701.0,0.0,0.0,0.0,8.0,3.0,28746.0,29.0,1.0,0.0,3.0,0.0,393.0,33.0,0.0,0.0,29.0,0.0,0.6889577992434504,0.8418311958052359,0.0,1.0,0.0,1.0,0.0,1.0,1.0,0.0,0.0,1.0,0.0,1.0,0.0,1.0,0.0,1.0,0.0,1.0,1.0,0.0,0.0,1.0,0.0,1.0,1.0,0.0,0.0,1.0,0.0,1.0,0.0,1.0,0.0,1.0,3430.05,0.0,0.0
290.0,845.5,1691.0,0.0,0.0,14000.0,4.0,3.0,32834.0,57.0,1.0,0.0,2.0,0.0,379.0,32.0,0.0,0.0,72.0,5.0,0.5123400448208668,0.8726655919012042,0.0,1.0,0.0,1.0,0.0,1.0,1.0,0.0,0.0,1.0,0.0,1.0,0.0,1.0,0.0,1.0,0.0,1.0,1.0,0.0,1.0,0.0,0.0,1.0,1.0,0.0,0.0,1.0,1.0,0.0,0.0,1.0,0.0,1.0,3427.1,0.0,0.0
991.0,0.0,2143.0,0.0,0.0,0.0,5.0,3.0,31864.0,32.0,1.0,0.0,2.0,0.0,435.0,36.0,0.0,0.0,3.0,0.0,0.8031904325071035,0.9478343468711118,1.0,0.0,0.0,1.0,0.0,1.0,0.0,1.0,0.0,1.0,1.0,0.0,1.0,0.0,0.0,1.0,0.0,1.0,1.0,0.0,0.0,1.0,0.0,1.0,1.0,0.0,0.0,1.0,0.0,1.0,0.0,1.0,0.0,1.0,3015.21,0.0,0.0
2075.0,776.0,1927.0,0.0,0.0,0.0,5.0,3.0,28428.0,63.0,1.0,0.0,1.0,0.0,246.0,21.0,0.0,0.0,3.0,0.0,0.5956602749730663,0.961474971703767,0.0,1.0,0.0,1.0,0.0,1.0,0.0,1.0,0.0,1.0,0.0,1.0,0.0,1.0,0.0,1.0,0.0,1.0,1.0,0.0,0.0,1.0,0.0,1.0,1.0,0.0,0.0,1.0,0.0,1.0,1.0,0.0,0.0,1.0,3400.1,0.0,0.0
227.0,0.0,1622.0,0.0,0.0,0.0,3.0,3.0,36013.0,22.0,1.0,0.0,1.0,0.0,190.0,16.0,0.0,0.0,1.0,0.0,0.5286257158244582,0.9904020707416324,1.0,0.0,0.0,1.0,0.0,1.0,0.0,1.0,0.0,1.0,0.0,1.0,0.0,1.0,0.0,1.0,0.0,1.0,1.0,0.0,0.0,1.0,0.0,1.0,1.0,0.0,0.0,1.0,0.0,1.0,0.0,1.0,0.0,1.0,3052.14,0.0,0.0
10461.0,976.0,17385.0,0.0,0.0,6000.0,1.0,4.0,33832.0,65.0,2.0,0.0,1.0,0.0,359.0,30.0,0.0,0.0,33.0,0.0,0.0,0.0,1.0,0.0,0.0,1.0,1.0,0.0,0.0,1.0,0.0,1.0,0.0,1.0,0.0,1.0,0.0,1.0,0.0,1.0,1.0,0.0,0.0,1.0,0.0,1.0,0.0,1.0,0.0,1.0,0.0,1.0,1.0,0.0,0.0,1.0,3436.72,0.0,0.0
3913.0,1463.0,2357.0,0.0,0.0,3500.0,4.0,4.0,34723.0,54.0,2.0,0.0,2.0,0.0,384.0,32.0,0.0,0.0,41.0,6.0,0.0,0.0,1.0,0.0,0.0,1.0,0.0,1.0,1.0,0.0,0.0,1.0,0.0,1.0,0.0,1.0,0.0,1.0,0.0,1.0,1.0,0.0,0.0,1.0,0.0,1.0,1.0,0.0,0.0,1.0,1.0,0.0,0.0,1.0,0.0,1.0,3449.68,0.0,0.0
1708.0,0.0,2474.0,0.0,0.0,0.0,11.0,4.0,33049.0,48.0,1.0,1.0,3.0,0.0,272.0,23.0,0.0,0.0,3.0,0.0,0.0,0.0,0.0,1.0,0.0,1.0,0.0,1.0,1.0,0.0,0.0,1.0,1.0,0.0,0.0,1.0,0.0,1.0,0.0,1.0,1.0,0.0,0.0,1.0,0.0,1.0,1.0,0.0,0.0,1.0,0.0,1.0,0.0,1.0,0.0,1.0,3052.58,0.0,0.0
495.0,112.0,1666.0,0.0,0.0,0.0,5.0,4.0,21351.0,68.0,2.0,0.0,1.0,0.0,324.0,27.0,0.0,0.0,4.0,0.0,0.0,0.0,0.0,1.0,0.0,1.0,0.0,1.0,1.0,0.0,0.0,1.0,0.0,1.0,0.0,1.0,0.0,1.0,0.0,1.0,1.0,0.0,0.0,1.0,0.0,1.0,1.0,0.0,0.0,1.0,0.0,1.0,0.0,1.0,0.0,1.0,3458.85,0.0,0.0
290.0,2.0,1636.0,0.0,0.0,0.0,5.0,4.0,49059.0,63.0,1.0,0.0,1.0,0.0,356.0,30.0,0.0,0.0,4.0,0.0,0.0,0.0,1.0,0.0,0.0,1.0,0.0,1.0,1.0,0.0,0.0,1.0,0.0,1.0,0.0,1.0,0.0,1.0,0.0,1.0,1.0,0.0,0.0,1.0,0.0,1.0,1.0,0.0,0.0,1.0,0.0,1.0,1.0,0.0,0.0,1.0,3033.04,0.0,0.0
270.0,16.0,1670.0,0.0,0.0,750.0,9.0,4.0,15914.0,17.0,1.0,0.0,1.0,0.0,157.0,13.0,0.0,0.0,9.0,0.0,0.0,0.0,1.0,0.0,0.0,1.0,1.0,0.0,0.0,1.0,0.0,1.0,0.0,1.0,1.0,0.0,0.0,1.0,0.0,1.0,1.0,0.0,0.0,1.0,0.0,1.0,1.0,0.0,0.0,1.0,0.0,1.0,0.0,1.0,0.0,1.0,3447.39,0.0,0.0
261.0,11.0,1712.0,0.0,0.0,9000.0,10.0,4.0,33938.0,21.0,1.0,0.0,3.0,0.0,242.0,20.0,0.0,0.0,59.0,0.0,0.0,0.0,0.0,1.0,0.0,1.0,1.0,0.0,1.0,0.0,0.0,1.0,0.0,1.0,1.0,0.0,0.0,1.0,0.0,1.0,1.0,0.0,0.0,1.0,0.0,1.0,1.0,0.0,0.0,1.0,0.0,1.0,0.0,1.0,0.0,1.0,3450.05,0.0,0.0
235.0,823.0,1646.0,0.0,0.0,0.0,2.0,4.0,27821.0,77.0,1.0,0.0,1.0,0.0,173.0,14.0,0.0,0.0,36.0,0.0,0.0,0.0,0.0,1.0,0.0,1.0,0.0,1.0,0.0,1.0,0.0,1.0,0.0,1.0,1.0,0.0,0.0,1.0,0.0,1.0,0.0,1.0,0.0,1.0,0.0,1.0,0.0,1.0,0.0,1.0,0.0,1.0,1.0,0.0,0.0,1.0,3408.25,0.0,0.0
229.0,0.0,1630.0,0.0,0.0,0.0,6.0,4.0,34354.0,20.0,1.0,0.0,1.0,0.0,242.0,20.0,0.0,0.0,3.0,0.0,0.0,0.0,1.0,0.0,0.0,1.0,1.0,0.0,1.0,0.0,0.0,1.0,0.0,1.0,0.0,1.0,0.0,1.0,0.0,1.0,1.0,0.0,0.0,1.0,0.0,1.0,1.0,0.0,0.0,1.0,0.0,1.0,0.0,1.0,0.0,1.0,3078.39,0.0,0.0
227.0,1503.0,3006.0,0.0,0.0,0.0,9.0,4.0,37566.0,38.0,1.0,0.0,3.0,0.0,100.0,8.0,0.0,0.0,4.0,0.0,0.0,0.0,1.0,0.0,0.0,1.0,0.0,1.0,0.0,1.0,0.0,1.0,0.0,1.0,0.0,1.0,0.0,1.0,0.0,1.0,0.0,1.0,1.0,0.0,0.0,1.0,1.0,0.0,0.0,1.0,0.0,1.0,0.0,1.0,0.0,1.0,3435.77,0.0,0.0
227.0,810.0,1620.0,0.0,0.0,0.0,10.0,4.0,36034.0,67.0,0.0,0.0,1.0,0.0,278.0,23.0,0.0,0.0,4.0,0.0,0.0,0.0,0.0,1.0,0.0,1.0,0.0,1.0,0.0,1.0,0.0,1.0,0.0,1.0,0.0,1.0,0.0,1.0,0.0,1.0,1.0,0.0,0.0,1.0,0.0,1.0,1.0,0.0,0.0,1.0,0.0,1.0,0.0,1.0,0.0,1.0,3449.79,0.0,0.0
227.0,810.0,1620.0,0.0,0.0,0.0,8.0,4.0,24959.0,48.0,0.0,0.0,3.0,0.0,278.0,23.0,1.0,2472.0,3.0,0.0,0.0,0.0,0.0,1.0,0.0,1.0,0.0,1.0,1.0,0.0,0.0,1.0,1.0,0.0,0.0,1.0,1.0,0.0,0.0,1.0,1.0,0.0,0.0,1.0,0.0,1.0,1.0,0.0,0.0,1.0,0.0,1.0,0.0,1.0,0.0,1.0,3443.63,0.0,0.0
227.0,810.0,1620.0,0.0,0.0,0.0,6.0,4.0,31442.0,44.0,1.0,0.0,2.0,0.0,94.0,8.0,0.0,0.0,2.0,0.0,0.0,0.0,1.0,0.0,0.0,1.0,0.0,1.0,0.0,1.0,0.0,1.0,0.0,1.0,0.0,1.0,0.0,1.0,0.0,1.0,0.0,1.0,0.0,1.0,1.0,0.0,0.0,1.0,0.0,1.0,0.0,1.0,0.0,1.0,0.0,1.0,3435.78,0.0,0.0
227.0,0.0,1635.0,0.0,0.0,0.0,4.0,4.0,27067.0,25.0,1.0,0.0,1.0,1.0,83.0,7.0,0.0,0.0,4.0,0.0,0.0,0.0,1.0,0.0,0.0,1.0,1.0,0.0,0.0,1.0,0.0,1.0,0.0,1.0,1.0,0.0,0.0,1.0,0.0,1.0,1.0,0.0,0.0,1.0,0.0,1.0,1.0,0.0,0.0,1.0,0.0,1.0,0.0,1.0,0.0,1.0,3076.86,0.0,0.0
227.0,0.0,1620.0,0.0,0.0,0.0,5.0,4.0,32676.807933194155,47.0,1.0,1.0,2.0,0.0,122.0,10.0,0.0,0.0,4.0,0.0,0.0,0.0,1.0,0.0,0.0,1.0,0.0,1.0,1.0,0.0,0.0,1.0,0.0,1.0,1.0,0.0,0.0,1.0,0.0,1.0,1.0,0.0,0.0,1.0,0.0,1.0,1.0,0.0,1.0,0.0,0.0,1.0,0.0,1.0,0.0,1.0,3072.41,0.0,0.0
227.0,0.0,1620.0,0.0,0.0,0.0,2.0,4.0,16926.0,43.0,1.0,0.0,2.0,3.0,296.0,25.0,0.0,0.0,4.0,0.0,0.0,0.0,0.0,1.0,0.0,1.0,0.0,1.0,0.0,1.0,0.0,1.0,0.0,1.0,0.0,1.0,0.0,1.0,0.0,1.0,0.0,1.0,0.0,1.0,0.0,1.0,1.0,0.0,0.0,1.0,0.0,1.0,0.0,1.0,0.0,1.0,3048.08,0.0,0.0
964.0,93.0,2016.0,0.0,0.0,0.0,3.0,4.0,46036.0,30.0,1.0,0.0,3.0,0.0,205.0,17.0,0.0,0.0,4.0,0.0,0.3137929960695763,0.0864307341923022,1.0,0.0,0.0,1.0,0.0,1.0,0.0,1.0,0.0,1.0,0.0,1.0,0.0,1.0,0.0,1.0,0.0,1.0,1.0,0.0,0.0,1.0,0.0,1.0,1.0,0.0,0.0,1.0,0.0,1.0,0.0,1.0,0.0,1.0,3429.6,0.0,0.0
884.0,0.0,2907.0,0.0,0.0,1500.0,4.0,4.0,26306.0,57.0,1.0,0.0,2.0,0.0,324.0,27.0,0.0,0.0,3.0,0.0,0.1418625798466817,0.128893074173741,1.0,0.0,0.0,1.0,0.0,1.0,0.0,1.0,0.0,1.0,1.0,0.0,0.0,1.0,0.0,1.0,0.0,1.0,1.0,0.0,0.0,1.0,0.0,1.0,1.0,0.0,0.0,1.0,0.0,1.0,0.0,1.0,0.0,1.0,3023.15,0.0,0.0
227.0,0.0,1620.0,0.0,0.0,0.0,7.0,4.0,29251.0,51.0,1.0,0.0,3.0,0.0,118.0,10.0,0.0,0.0,2.0,0.0,0.3618765031986835,0.1912351614907885,1.0,0.0,0.0,1.0,0.0,1.0,0.0,1.0,0.0,1.0,0.0,1.0,1.0,0.0,0.0,1.0,0.0,1.0,1.0,0.0,0.0,1.0,0.0,1.0,1.0,0.0,0.0,1.0,0.0,1.0,0.0,1.0,0.0,1.0,3044.39,0.0,0.0
3045.0,199.0,6883.0,0.0,0.0,0.0,7.0,4.0,33264.0,52.0,3.0,2.0,3.0,0.0,389.0,32.0,0.0,0.0,274.0,0.0,0.2822621784055916,0.2217859698618803,0.0,1.0,0.0,1.0,0.0,1.0,0.0,1.0,0.0,1.0,1.0,0.0,1.0,0.0,0.0,1.0,0.0,1.0,1.0,0.0,0.0,1.0,0.0,1.0,1.0,0.0,0.0,1.0,0.0,1.0,0.0,1.0,1.0,0.0,3496.29,0.0,0.0
2376.0,575.0,2385.0,0.0,0.0,6000.0,8.0,4.0,33399.0,70.0,1.0,0.0,1.0,0.0,379.0,32.0,0.0,0.0,40.0,0.0,0.2738058106805386,0.2225302687069541,1.0,0.0,0.0,1.0,0.0,1.0,0.0,1.0,0.0,1.0,0.0,1.0,1.0,0.0,0.0,1.0,0.0,1.0,1.0,0.0,1.0,0.0,0.0,1.0,1.0,0.0,0.0,1.0,0.0,1.0,1.0,0.0,0.0,1.0,3401.98,0.0,0.0
227.0,0.0,1620.0,0.0,0.0,0.0,5.0,4.0,32676.807933194155,20.0,1.0,0.0,1.0,0.0,205.0,17.0,0.0,0.0,4.0,0.0,0.5364516645033821,0.2448521434715957,1.0,0.0,0.0,1.0,0.0,1.0,0.0,1.0,0.0,1.0,0.0,1.0,0.0,1.0,0.0,1.0,0.0,1.0,1.0,0.0,0.0,1.0,0.0,1.0,1.0,0.0,0.0,1.0,0.0,1.0,0.0,1.0,0.0,1.0,3046.04,0.0,0.0
634.0,160.0,1709.0,0.0,0.0,0.0,9.0,4.0,36474.0,37.0,1.0,0.0,3.0,1.0,219.0,18.0,0.0,0.0,1.0,0.0,0.6789005639751088,0.2482784345131747,0.0,1.0,0.0,1.0,0.0,1.0,0.0,1.0,0.0,1.0,0.0,1.0,1.0,0.0,0.0,1.0,0.0,1.0,1.0,0.0,0.0,1.0,0.0,1.0,1.0,0.0,0.0,1.0,0.0,1.0,0.0,1.0,0.0,1.0,3438.99,0.0,0.0
855.0,261.0,1763.0,0.0,0.0,1500.0,6.0,4.0,36560.0,18.0,1.0,0.0,1.0,0.0,242.0,20.0,0.0,0.0,1.0,0.0,0.6256255643294166,0.3601836144791948,0.0,1.0,0.0,1.0,1.0,0.0,0.0,1.0,0.0,1.0,0.0,1.0,0.0,1.0,0.0,1.0,0.0,1.0,1.0,0.0,0.0,1.0,0.0,1.0,1.0,0.0,0.0,1.0,0.0,1.0,0.0,1.0,0.0,1.0,3439.26,0.0,0.0
238.0,4.0,1624.0,0.0,0.0,0.0,5.0,4.0,33086.0,35.0,1.0,0.0,2.0,0.0,473.0,39.0,0.0,0.0,4.0,0.0,0.723519550322338,0.3602041899413294,1.0,0.0,0.0,1.0,0.0,1.0,0.0,1.0,0.0,1.0,0.0,1.0,0.0,1.0,0.0,1.0,0.0,1.0,1.0,0.0,0.0,1.0,0.0,1.0,1.0,0.0,0.0,1.0,0.0,1.0,0.0,1.0,0.0,1.0,3028.47,0.0,0.0
10215.0,2750.0,2750.0,0.0,0.0,0.0,10.0,4.0,49709.0,63.0,2.0,0.0,1.0,0.0,286.0,24.0,0.0,0.0,4.0,0.0,0.3614188417877922,0.3762072784025083,1.0,0.0,0.0,1.0,0.0,1.0,0.0,1.0,0.0,1.0,0.0,1.0,1.0,0.0,0.0,1.0,0.0,1.0,1.0,0.0,0.0,1.0,0.0,1.0,1.0,0.0,0.0,1.0,0.0,1.0,0.0,1.0,0.0,1.0,3425.83,0.0,0.0
965.0,251.0,1852.0,0.0,0.0,4500.0,4.0,4.0,28117.0,42.0,1.0,0.0,2.0,2.0,571.0,48.0,0.0,0.0,9.0,0.0,0.6699945688362681,0.4399257406099336,1.0,0.0,0.0,1.0,0.0,1.0,1.0,0.0,0.0,1.0,0.0,1.0,1.0,0.0,0.0,1.0,0.0,1.0,1.0,0.0,1.0,0.0,0.0,1.0,1.0,0.0,0.0,1.0,0.0,1.0,0.0,1.0,0.0,1.0,3429.75,0.0,0.0
640.0,0.0,1777.0,0.0,0.0,0.0,8.0,4.0,33665.0,54.0,2.0,0.0,3.0,0.0,443.0,37.0,1.0,199.0,2.0,0.0,0.5399912202419779,0.4584209294997949,0.0,1.0,0.0,1.0,0.0,1.0,0.0,1.0,0.0,1.0,0.0,1.0,0.0,1.0,0.0,1.0,0.0,1.0,1.0,0.0,0.0,1.0,0.0,1.0,1.0,0.0,0.0,1.0,0.0,1.0,0.0,1.0,0.0,1.0,3055.36,0.0,0.0
227.0,0.0,2035.0,0.0,0.0,0.0,4.0,4.0,31250.0,31.0,1.0,0.0,3.0,0.0,278.0,23.0,0.0,0.0,3.0,0.0,0.0,0.462494946263684,0.0,1.0,0.0,1.0,0.0,1.0,1.0,0.0,0.0,1.0,0.0,1.0,1.0,0.0,1.0,0.0,0.0,1.0,1.0,0.0,0.0,1.0,0.0,1.0,1.0,0.0,0.0,1.0,0.0,1.0,0.0,1.0,0.0,1.0,3064.78,0.0,0.0
453.0,93.0,1828.0,0.0,0.0,4000.0,12.0,4.0,34857.0,66.0,3.0,0.0,1.0,0.0,407.0,34.0,0.0,0.0,5.0,0.0,0.2794920699634896,0.4688754970912111,0.0,1.0,0.0,1.0,0.0,1.0,0.0,1.0,0.0,1.0,0.0,1.0,1.0,0.0,1.0,0.0,0.0,1.0,1.0,0.0,1.0,0.0,0.0,1.0,0.0,1.0,0.0,1.0,0.0,1.0,0.0,1.0,0.0,1.0,3433.04,0.0,0.0
227.0,0.0,1620.0,0.0,0.0,2500.0,4.0,4.0,51328.0,36.0,1.0,0.0,2.0,0.0,128.0,11.0,0.0,0.0,20.0,0.0,0.9455746259540418,0.4902210723222096,0.0,1.0,0.0,1.0,0.0,1.0,1.0,0.0,0.0,1.0,0.0,1.0,1.0,0.0,0.0,1.0,0.0,1.0,1.0,0.0,0.0,1.0,0.0,1.0,1.0,0.0,0.0,1.0,0.0,1.0,0.0,1.0,0.0,1.0,3016.37,0.0,0.0
270.0,16.0,1628.0,0.0,0.0,750.0,2.0,4.0,28047.0,17.0,1.0,0.0,1.0,0.0,79.0,7.0,0.0,0.0,1.0,0.0,0.2565502598662507,0.5730141120799348,1.0,0.0,0.0,1.0,0.0,1.0,1.0,0.0,0.0,1.0,0.0,1.0,0.0,1.0,0.0,1.0,0.0,1.0,1.0,0.0,0.0,1.0,0.0,1.0,1.0,0.0,0.0,1.0,0.0,1.0,0.0,1.0,0.0,1.0,3430.87,0.0,0.0
707.0,956.0,1912.0,0.0,0.0,11000.0,10.0,4.0,35220.0,68.0,3.0,0.0,1.0,0.0,599.0,50.0,0.0,0.0,40.0,6.0,0.6349796944182751,0.6518145871950379,0.0,1.0,0.0,1.0,0.0,1.0,0.0,1.0,0.0,1.0,0.0,1.0,0.0,1.0,0.0,1.0,0.0,1.0,1.0,0.0,0.0,1.0,0.0,1.0,1.0,0.0,0.0,1.0,1.0,0.0,0.0,1.0,0.0,1.0,3422.38,0.0,0.0
3400.0,423.0,6331.0,0.0,0.0,0.0,7.0,4.0,34552.0,51.0,2.0,0.0,3.0,0.0,57.0,5.0,0.0,0.0,3.0,0.0,0.2817201794554623,0.6627754684828358,0.0,1.0,0.0,1.0,0.0,1.0,0.0,1.0,0.0,1.0,1.0,0.0,1.0,0.0,0.0,1.0,0.0,1.0,1.0,0.0,0.0,1.0,0.0,1.0,1.0,0.0,0.0,1.0,0.0,1.0,0.0,1.0,0.0,1.0,3411.46,0.0,0.0
4902.0,0.0,1834.0,0.0,0.0,0.0,1.0,4.0,30779.0,70.0,2.0,0.0,1.0,0.0,531.0,44.0,0.0,0.0,2.0,0.0,0.5592798866473043,0.6999457260416166,1.0,0.0,0.0,1.0,0.0,1.0,0.0,1.0,0.0,1.0,0.0,1.0,1.0,0.0,0.0,1.0,0.0,1.0,1.0,0.0,0.0,1.0,0.0,1.0,1.0,0.0,0.0,1.0,0.0,1.0,1.0,0.0,0.0,1.0,3017.38,0.0,0.0
303.0,1078.5,2157.0,0.0,0.0,4000.0,5.0,4.0,36506.0,56.0,1.0,0.0,1.0,0.0,350.0,29.0,0.0,0.0,41.0,0.0,0.832448468188524,0.8317881767659118,1.0,0.0,0.0,1.0,0.0,1.0,0.0,1.0,0.0,1.0,0.0,1.0,1.0,0.0,0.0,1.0,0.0,1.0,1.0,0.0,0.0,1.0,0.0,1.0,1.0,0.0,0.0,1.0,0.0,1.0,1.0,0.0,0.0,1.0,3388.86,0.0,0.0
4268.0,2420.0,2420.0,0.0,0.0,5000.0,7.0,4.0,27091.0,48.0,2.0,0.0,2.0,0.0,384.0,32.0,0.0,0.0,4.0,7.0,0.7974500981056223,0.8574623220350879,0.0,1.0,0.0,1.0,1.0,0.0,0.0,1.0,0.0,1.0,0.0,1.0,0.0,1.0,0.0,1.0,0.0,1.0,1.0,0.0,0.0,1.0,0.0,1.0,0.0,1.0,0.0,1.0,1.0,0.0,0.0,1.0,0.0,1.0,3434.36,0.0,0.0
374.0,30.0,1729.0,0.0,0.0,5500.0,2.0,4.0,32676.807933194155,23.0,1.0,0.0,2.0,1.0,107.0,9.0,0.0,0.0,19.0,0.0,0.7603890170730757,0.8873669254896944,0.0,1.0,0.0,1.0,1.0,0.0,1.0,0.0,0.0,1.0,0.0,1.0,1.0,0.0,0.0,1.0,0.0,1.0,1.0,0.0,0.0,1.0,0.0,1.0,1.0,0.0,0.0,1.0,0.0,1.0,0.0,1.0,0.0,1.0,3429.85,0.0,0.0
1833.0,8.0,2915.0,0.0,0.0,4500.0,10.0,4.0,26429.0,60.0,2.0,0.0,2.0,0.0,563.0,47.0,0.0,0.0,64.0,0.0,0.6807187038027174,0.9661915741041986,1.0,0.0,0.0,1.0,0.0,1.0,0.0,1.0,0.0,1.0,0.0,1.0,0.0,1.0,0.0,1.0,0.0,1.0,1.0,0.0,0.0,1.0,0.0,1.0,1.0,0.0,0.0,1.0,0.0,1.0,0.0,1.0,0.0,1.0,3180.7,0.0,0.0
227.0,0.0,1620.0,0.0,0.0,4000.0,9.0,4.0,32480.0,46.0,1.0,0.0,3.0,0.0,350.0,29.0,0.0,0.0,63.0,0.0,0.8001437547483987,0.9866388961751008,0.0,1.0,0.0,1.0,0.0,1.0,1.0,0.0,0.0,1.0,0.0,1.0,0.0,1.0,0.0,1.0,0.0,1.0,1.0,0.0,0.0,1.0,0.0,1.0,1.0,0.0,0.0,1.0,0.0,1.0,0.0,1.0,0.0,1.0,3032.57,0.0,0.0
4797.0,1921.0,2373.0,0.0,0.0,0.0,8.0,5.0,33605.0,57.0,2.0,0.0,1.0,0.0,26.0,2.0,0.0,0.0,4.0,0.0,0.0,0.0,1.0,0.0,0.0,1.0,0.0,1.0,1.0,0.0,0.0,1.0,0.0,1.0,0.0,1.0,0.0,1.0,0.0,1.0,1.0,0.0,0.0,1.0,1.0,0.0,0.0,1.0,0.0,1.0,0.0,1.0,1.0,0.0,0.0,1.0,3440.84,0.0,0.0
3990.0,9.0,3450.0,0.0,0.0,12500.0,7.0,5.0,36372.0,42.0,1.0,1.0,2.0,0.0,174.0,15.0,0.0,0.0,4.0,0.0,0.0,0.0,1.0,0.0,0.0,1.0,1.0,0.0,0.0,1.0,0.0,1.0,0.0,1.0,0.0,1.0,0.0,1.0,0.0,1.0,1.0,0.0,0.0,1.0,0.0,1.0,1.0,0.0,0.0,1.0,0.0,1.0,0.0,1.0,0.0,1.0,3365.64,0.0,0.0
3568.0,254.0,2152.0,0.0,0.0,0.0,5.0,5.0,35515.0,61.0,1.0,0.0,1.0,0.0,415.0,35.0,0.0,0.0,3.0,0.0,0.0,0.0,0.0,1.0,0.0,1.0,0.0,1.0,1.0,0.0,0.0,1.0,0.0,1.0,0.0,1.0,0.0,1.0,0.0,1.0,1.0,0.0,0.0,1.0,0.0,1.0,1.0,0.0,0.0,1.0,0.0,1.0,0.0,1.0,0.0,1.0,3454.59,0.0,0.0
2929.0,14.0,4689.0,0.0,0.0,0.0,6.0,5.0,32838.0,51.0,2.0,0.0,2.0,0.0,243.0,20.0,0.0,0.0,4.0,0.0,0.0,0.0,0.0,1.0,0.0,1.0,0.0,1.0,1.0,0.0,0.0,1.0,0.0,1.0,0.0,1.0,0.0,1.0,0.0,1.0,1.0,0.0,0.0,1.0,0.0,1.0,0.0,1.0,0.0,1.0,0.0,1.0,0.0,1.0,0.0,1.0,3466.05,0.0,0.0
2451.0,791.0,2119.0,0.0,0.0,0.0,4.0,5.0,29266.0,66.0,1.0,0.0,1.0,0.0,375.0,31.0,0.0,0.0,3.0,0.0,0.0,0.0,1.0,0.0,0.0,1.0,1.0,0.0,1.0,0.0,0.0,1.0,0.0,1.0,1.0,0.0,0.0,1.0,0.0,1.0,0.0,1.0,0.0,1.0,0.0,1.0,1.0,0.0,0.0,1.0,0.0,1.0,0.0,1.0,0.0,1.0,3436.53,0.0,0.0
817.0,0.0,1747.0,0.0,0.0,0.0,2.0,5.0,32676.807933194155,31.0,1.0,0.0,2.0,0.0,16.0,1.0,0.0,0.0,3.0,0.0,0.0,0.0,0.0,1.0,0.0,1.0,1.0,0.0,1.0,0.0,0.0,1.0,0.0,1.0,1.0,0.0,0.0,1.0,0.0,1.0,0.0,1.0,0.0,1.0,0.0,1.0,1.0,0.0,0.0,1.0,0.0,1.0,0.0,1.0,0.0,1.0,3049.38,0.0,0.0
638.0,132.0,1787.0,0.0,0.0,4000.0,7.0,5.0,37426.0,31.0,1.0,0.0,2.0,0.0,397.0,33.0,0.0,0.0,4.0,0.0,0.0,0.0,0.0,1.0,0.0,1.0,0.0,1.0,0.0,1.0,0.0,1.0,0.0,1.0,0.0,1.0,0.0,1.0,0.0,1.0,1.0,0.0,1.0,0.0,0.0,1.0,1.0,0.0,0.0,1.0,0.0,1.0,0.0,1.0,0.0,1.0,3450.33,0.0,0.0
528.0,21.0,3910.0,0.0,0.0,6000.0,10.0,5.0,20718.0,53.0,1.0,1.0,3.0,1.0,324.0,27.0,1.0,0.0,77.0,0.0,0.0,0.0,1.0,0.0,0.0,1.0,1.0,0.0,0.0,1.0,0.0,1.0,0.0,1.0,1.0,0.0,0.0,1.0,0.0,1.0,1.0,0.0,1.0,0.0,0.0,1.0,1.0,0.0,0.0,1.0,0.0,1.0,0.0,1.0,0.0,1.0,3477.68,0.0,0.0
422.0,32.0,1667.0,0.0,0.0,0.0,6.0,5.0,32937.0,50.0,1.0,0.0,1.0,0.0,255.0,21.0,0.0,0.0,30.0,0.0,0.0,0.0,0.0,1.0,0.0,1.0,1.0,0.0,0.0,1.0,0.0,1.0,0.0,1.0,1.0,0.0,0.0,1.0,0.0,1.0,1.0,0.0,0.0,1.0,0.0,1.0,0.0,1.0,0.0,1.0,0.0,1.0,0.0,1.0,0.0,1.0,3462.39,0.0,0.0
301.0,0.0,3835.0,0.0,0.0,1500.0,8.0,5.0,25001.0,26.0,1.0,0.0,2.0,0.0,116.0,10.0,0.0,0.0,11.0,0.0,0.0,0.0,0.0,1.0,0.0,1.0,1.0,0.0,0.0,1.0,0.0,1.0,0.0,1.0,0.0,1.0,0.0,1.0,0.0,1.0,1.0,0.0,0.0,1.0,0.0,1.0,1.0,0.0,0.0,1.0,0.0,1.0,0.0,1.0,0.0,1.0,3064.62,0.0,0.0
245.0,0.0,1991.0,0.0,0.0,0.0,2.0,5.0,27191.0,32.0,1.0,0.0,2.0,0.0,268.0,22.0,0.0,0.0,2.0,0.0,0.0,0.0,0.0,1.0,0.0,1.0,0.0,1.0,0.0,1.0,0.0,1.0,0.0,1.0,0.0,1.0,0.0,1.0,0.0,1.0,1.0,0.0,0.0,1.0,0.0,1.0,1.0,0.0,0.0,1.0,0.0,1.0,0.0,1.0,0.0,1.0,3066.55,0.0,0.0
243.0,0.0,1629.0,0.0,0.0,0.0,1.0,5.0,32676.807933194155,45.0,1.0,0.0,2.0,0.0,187.0,16.0,0.0,0.0,3.0,0.0,0.0,0.0,1.0,0.0,0.0,1.0,0.0,1.0,1.0,0.0,0.0,1.0,0.0,1.0,0.0,1.0,0.0,1.0,0.0,1.0,0.0,1.0,0.0,1.0,0.0,1.0,1.0,0.0,0.0,1.0,0.0,1.0,0.0,1.0,0.0,1.0,3053.15,0.0,0.0
229.0,0.0,1621.0,0.0,0.0,0.0,2.0,5.0,31947.0,38.0,1.0,0.0,3.0,0.0,25.0,2.0,0.0,0.0,57.0,0.0,0.0,0.0,0.0,1.0,0.0,1.0,1.0,0.0,1.0,0.0,0.0,1.0,0.0,1.0,1.0,0.0,0.0,1.0,0.0,1.0,0.0,1.0,0.0,1.0,0.0,1.0,1.0,0.0,0.0,1.0,0.0,1.0,0.0,1.0,0.0,1.0,3053.62,0.0,0.0
228.0,0.0,2094.0,0.0,0.0,0.0,10.0,5.0,46089.0,39.0,4.0,6.0,3.0,1.0,261.0,22.0,0.0,0.0,35.0,0.0,0.0,0.0,0.0,1.0,0.0,1.0,1.0,0.0,0.0,1.0,0.0,1.0,0.0,1.0,0.0,1.0,0.0,1.0,0.0,1.0,1.0,0.0,0.0,1.0,0.0,1.0,1.0,0.0,1.0,0.0,0.0,1.0,0.0,1.0,0.0,1.0,3087.51,0.0,0.0
227.0,810.0,1620.0,0.0,0.0,2500.0,5.0,5.0,32322.0,68.0,1.0,0.0,1.0,0.0,245.0,20.0,0.0,0.0,38.0,0.0,0.0,0.0,0.0,1.0,0.0,1.0,0.0,1.0,0.0,1.0,0.0,1.0,0.0,1.0,1.0,0.0,0.0,1.0,0.0,1.0,1.0,0.0,0.0,1.0,0.0,1.0,1.0,0.0,0.0,1.0,0.0,1.0,1.0,0.0,0.0,1.0,3416.27,0.0,0.0
227.0,0.0,1621.0,0.0,0.0,0.0,8.0,5.0,32676.807933194155,54.0,1.0,1.0,2.0,0.0,94.0,8.0,0.0,0.0,3.0,0.0,0.0,0.0,1.0,0.0,0.0,1.0,0.0,1.0,0.0,1.0,0.0,1.0,0.0,1.0,1.0,0.0,0.0,1.0,0.0,1.0,0.0,1.0,0.0,1.0,0.0,1.0,1.0,0.0,0.0,1.0,0.0,1.0,0.0,1.0,0.0,1.0,3045.32,0.0,0.0
227.0,0.0,1621.0,0.0,0.0,0.0,3.0,5.0,25249.0,32.0,1.0,0.0,2.0,0.0,32.0,3.0,0.0,0.0,4.0,0.0,0.0,0.0,1.0,0.0,0.0,1.0,1.0,0.0,1.0,0.0,0.0,1.0,0.0,1.0,0.0,1.0,0.0,1.0,0.0,1.0,0.0,1.0,0.0,1.0,0.0,1.0,1.0,0.0,0.0,1.0,0.0,1.0,0.0,1.0,0.0,1.0,3053.51,0.0,0.0
227.0,0.0,1620.0,0.0,0.0,0.0,5.0,5.0,37632.0,61.0,0.0,0.0,1.0,0.0,278.0,23.0,0.0,0.0,4.0,0.0,0.0,0.0,0.0,1.0,0.0,1.0,0.0,1.0,0.0,1.0,0.0,1.0,0.0,1.0,0.0,1.0,0.0,1.0,0.0,1.0,1.0,0.0,0.0,1.0,0.0,1.0,1.0,0.0,0.0,1.0,0.0,1.0,0.0,1.0,0.0,1.0,3065.95,0.0,0.0
227.0,0.0,1620.0,0.0,0.0,0.0,1.0,5.0,35859.0,58.0,1.0,0.0,2.0,0.0,237.0,20.0,0.0,0.0,4.0,0.0,0.0,0.0,0.0,1.0,0.0,1.0,0.0,1.0,0.0,1.0,0.0,1.0,0.0,1.0,0.0,1.0,0.0,1.0,0.0,1.0,1.0,0.0,0.0,1.0,0.0,1.0,1.0,0.0,0.0,1.0,0.0,1.0,0.0,1.0,0.0,1.0,3067.76,0.0,0.0
359.0,844.5,1689.0,0.0,0.0,0.0,5.0,5.0,37110.0,17.0,1.0,0.0,1.0,0.0,222.0,19.0,0.0,0.0,4.0,0.0,0.3788134394348389,0.035106526827002,0.0,1.0,0.0,1.0,0.0,1.0,0.0,1.0,0.0,1.0,0.0,1.0,0.0,1.0,0.0,1.0,0.0,1.0,1.0,0.0,0.0,1.0,0.0,1.0,1.0,0.0,0.0,1.0,0.0,1.0,0.0,1.0,0.0,1.0,3431.55,0.0,0.0
1797.0,955.5,1911.0,0.0,0.0,3000.0,9.0,5.0,32676.807933194155,67.0,1.0,0.0,1.0,0.0,245.0,20.0,0.0,0.0,69.0,0.0,0.4087284909351464,0.2325206156785564,0.0,1.0,0.0,1.0,0.0,1.0,0.0,1.0,0.0,1.0,0.0,1.0,0.0,1.0,0.0,1.0,0.0,1.0,1.0,0.0,0.0,1.0,0.0,1.0,0.0,1.0,0.0,1.0,0.0,1.0,0.0,1.0,0.0,1.0,3432.07,0.0,0.0
507.0,0.0,1840.0,0.0,0.0,0.0,7.0,5.0,32676.807933194155,26.0,1.0,0.0,2.0,0.0,354.0,30.0,0.0,0.0,3.0,6.0,0.359939804636821,0.2710432142158462,0.0,1.0,0.0,1.0,1.0,0.0,0.0,1.0,0.0,1.0,0.0,1.0,1.0,0.0,0.0,1.0,0.0,1.0,1.0,0.0,0.0,1.0,0.0,1.0,1.0,0.0,0.0,1.0,1.0,0.0,0.0,1.0,0.0,1.0,3054.62,0.0,0.0
3781.0,2810.0,2810.0,0.0,0.0,10000.0,6.0,5.0,33853.0,44.0,2.0,0.0,2.0,1.0,345.0,29.0,1.0,0.0,41.0,6.0,0.6951083218846036,0.3004113883392831,1.0,0.0,0.0,1.0,0.0,1.0,1.0,0.0,0.0,1.0,0.0,1.0,1.0,0.0,0.0,1.0,0.0,1.0,1.0,0.0,0.0,1.0,0.0,1.0,0.0,1.0,0.0,1.0,1.0,0.0,0.0,1.0,0.0,1.0,3451.72,0.0,0.0
227.0,0.0,1620.0,0.0,0.0,0.0,3.0,5.0,29858.0,49.0,0.0,0.0,2.0,0.0,278.0,23.0,0.0,0.0,4.0,0.0,0.0,0.304716384601904,1.0,0.0,0.0,1.0,0.0,1.0,0.0,1.0,0.0,1.0,0.0,1.0,0.0,1.0,0.0,1.0,0.0,1.0,1.0,0.0,0.0,1.0,0.0,1.0,1.0,0.0,0.0,1.0,0.0,1.0,0.0,1.0,0.0,1.0,3063.52,0.0,0.0
227.0,810.0,1620.0,0.0,0.0,0.0,9.0,5.0,37185.0,39.0,0.0,0.0,2.0,0.0,0.0,0.0,0.0,0.0,3.0,0.0,0.7540565507419641,0.3060462392648256,1.0,0.0,0.0,1.0,0.0,1.0,1.0,0.0,0.0,1.0,0.0,1.0,0.0,1.0,0.0,1.0,0.0,1.0,1.0,0.0,0.0,1.0,0.0,1.0,1.0,0.0,0.0,1.0,0.0,1.0,0.0,1.0,0.0,1.0,3414.97,0.0,0.0
9160.0,5113.5,10227.0,0.0,0.0,10000.0,6.0,5.0,36412.0,68.0,2.0,0.0,1.0,0.0,372.0,31.0,0.0,0.0,185.0,0.0,0.4139366851807761,0.3360364998479384,1.0,0.0,0.0,1.0,0.0,1.0,0.0,1.0,0.0,1.0,1.0,0.0,0.0,1.0,0.0,1.0,0.0,1.0,1.0,0.0,0.0,1.0,0.0,1.0,1.0,0.0,0.0,1.0,0.0,1.0,1.0,0.0,1.0,0.0,3464.31,0.0,0.0
3578.0,1408.0,2164.0,0.0,0.0,0.0,10.0,5.0,26684.0,40.0,2.0,0.0,3.0,0.0,590.0,49.0,0.0,0.0,4.0,0.0,0.5270785286125341,0.4140700103745378,0.0,1.0,0.0,1.0,0.0,1.0,0.0,1.0,0.0,1.0,1.0,0.0,0.0,1.0,0.0,1.0,0.0,1.0,1.0,0.0,0.0,1.0,0.0,1.0,1.0,0.0,0.0,1.0,0.0,1.0,0.0,1.0,0.0,1.0,3414.39,0.0,0.0
302.0,30.0,1632.0,0.0,0.0,0.0,5.0,5.0,34801.0,16.0,1.0,0.0,3.0,2.0,262.0,22.0,0.0,0.0,45.0,0.0,0.4437650154998637,0.4258896091032345,1.0,0.0,0.0,1.0,1.0,0.0,0.0,1.0,0.0,1.0,0.0,1.0,0.0,1.0,0.0,1.0,0.0,1.0,1.0,0.0,0.0,1.0,0.0,1.0,1.0,0.0,0.0,1.0,0.0,1.0,0.0,1.0,0.0,1.0,3437.03,0.0,0.0
227.0,810.5,1621.0,0.0,0.0,0.0,5.0,5.0,33108.0,23.0,1.0,0.0,2.0,0.0,309.0,26.0,0.0,0.0,4.0,0.0,0.5872761443533007,0.5240550171275216,1.0,0.0,0.0,1.0,1.0,0.0,1.0,0.0,0.0,1.0,0.0,1.0,0.0,1.0,0.0,1.0,0.0,1.0,1.0,0.0,0.0,1.0,0.0,1.0,1.0,0.0,0.0,1.0,0.0,1.0,0.0,1.0,0.0,1.0,3435.33,0.0,0.0
250.0,0.0,1635.0,0.0,0.0,0.0,10.0,5.0,23566.0,63.0,1.0,0.0,1.0,0.0,98.0,8.0,0.0,0.0,4.0,0.0,0.3171187021654418,0.6318736337525579,1.0,0.0,0.0,1.0,0.0,1.0,1.0,0.0,0.0,1.0,0.0,1.0,1.0,0.0,0.0,1.0,0.0,1.0,1.0,0.0,0.0,1.0,0.0,1.0,0.0,1.0,0.0,1.0,0.0,1.0,1.0,0.0,0.0,1.0,3017.11,0.0,0.0
227.0,0.0,1620.0,0.0,0.0,0.0,3.0,5.0,33056.0,46.0,0.0,0.0,2.0,0.0,278.0,23.0,0.0,0.0,4.0,0.0,0.0,0.7468280675791433,1.0,0.0,0.0,1.0,0.0,1.0,0.0,1.0,0.0,1.0,0.0,1.0,1.0,0.0,0.0,1.0,0.0,1.0,1.0,0.0,0.0,1.0,0.0,1.0,1.0,0.0,0.0,1.0,0.0,1.0,0.0,1.0,0.0,1.0,3058.85,0.0,0.0
1673.80,478.11,2701.35,0.00,0.00,1851.76,5.66,2.53,32500.76,45.24,1.28,0.16,1.81,0.20,274.17,22.86,0.12,69.91,17.85,0.59,0.30,0.30,0.46,0.54,0.02,0.98,0.25,0.75,0.33,0.67,0.01,0.99,0.13,0.87,0.42,0.58,0.05,0.95,0.00,1.00,0.87,0.13,0.09,0.91,0.07,0.93,0.83,0.17,0.01,0.99,0.09,0.91,0.20,0.80,0.03,0.97,3270.90,0.00,0.00
